publn_nr,publn_year,permno_adj,IPC1
1000007,2000,US310411980,A61K  47/32
1000014,2000,US135315170,C07H   1/00
1000021,2000,US390394230,A47K  10/42
1000049,2000,US221918501,A61P  19/00
1000151,2000,NL24473890,C08F   4/22
1000243,2000,US363555336,F16J  15/447
1000269,2000,US135315170,C07D 231/12
1000331,2000,US135315170,A61P   3/10
1000345,2000,US135315170,A61P  17/00
1000355,2000,US250730780,C08L 101/00
1000367,2000,US410417775,C12Q   1/08
1000384,2000,US943133088,B65D  83/00
1000472,2000,US391434669,A61L   2/18
100048,2007,US160417150,H01L  21/208
1000527,2000,US980420726,C08K   3/22
100060,2007,US222640650,G01F   3/08
10007,2007,US350257090,F01N   3/023
1000730,2000,US953540776,C12N   5/10
1000735,2000,US360698440,A61K  31/519
1000762,2000,US160417150,C08G  69/42
1000764,2000,US042271897,C09D   7/00
1000778,2000,CN*J00S4140,C08J   3/26
1000925,2000,US860629024,H03M   1/74
1000952,2000,US753099507,B65D  47/24
100097,2007,US140689340,C23C  16/04
1000990,2000,US341531521,B03B   5/00
1001071,2000,US221024240,A61K  31/155
1001105,2000,US*901469241,B01J   3/00
1001117,2000,US580628465,F25D  11/00
1001171,2000,US430259330,G05B  15/02
1001245,2000,NL24473890,B01J  32/00
10013,2007,US221918501,A23J   1/00
1001416,2000,US941081436,B41J   2/14
100142,2007,US340676895,H01R  13/46
1001466,2000,US127688636L,H03H  19/00
1001483,2000,US140689340,C08K   3/04
1001534,2000,US953685934,H04M   1/2745
100160,2008,US160393470,C08K   9/06
1001615,2000,US360781620,C07K  16/40
1001670,2000,GB00851026,A61P  19/02
1001710,2000,IE545333,A61B  17/04
1001806,2000,US220790350,A61M   1/02
1001854,2000,US340526850,C09D   5/02
1001872,2000,IE545333,A61B  17/02
100188,2008,US042695240,A61N   1/39
100190,2008,US360781620,C08B  37/00
1001991,2000,US230366390,D06N   1/00
1002010,2000,US221918501,A61B  10/00
1002024,2000,US221918501,C09D 201/00
10021,2007,US221918501,A61J   1/03
100218,2008,US710872999,C12N  15/53
100220,2008,US160393470,C03B  17/00
1002206,2000,US410417775,B29C  63/02
1002224,2000,US140689340,C08G  77/46
1002238,2000,IE545333,A61B  17/90
1002244,2000,US042209186,G01N  35/02
100234,2008,IE512978,H01R  13/53
1002343,2000,US310411980,D06M  13/35
1002354,2000,US135409005,C10L   1/192
1002402,2000,US160393470,G01N  33/545
100250,2008,US146821616L,A61K  47/30
1002503,2000,US310411980,C11D   1/79
1002628,2000,GB00851026,A61P  19/02
100264,2008,US060513860,H01M   4/583
100266,2008,IE545333,A61B  19/00
100268,2008,IE545333,A61B  19/00
1002747,2000,IE545333,A61F   5/01
100276,2008,US953540776,C07D 417/14
1002827,2000,US042695240,A61B  18/12
1002844,2000,US140689340,F02D  41/22
1002882,2000,US140689340,G06F  11/22
1003048,2000,US130871985,G09G   5/36
1003142,2000,US360698440,A61F   9/01
100316,2008,US350225010,H01P   1/205
1003173,2000,US80-998-7139,B65D  71/00
100318,2008,US362382580,F16H  47/04
1003213,2000,US112534306,F21S  10/02
1003391,2000,US222640650,H01S   3/03
1003437,2000,US411532464,G06F  12/08
1003450,2000,US140689340,C08L  67/02
1003455,2000,US222640650,B64G   1/00
100348,2008,USM46560,H04L   1/06
100358,2008,US135315170,A61K  48/00
1003669,2000,NL30000153,C08F   8/04
1003688,2000,US042209186,G01N  33/558
1003740,2000,US310411980,C11D   3/10
1003763,2000,US942634797,C23C  16/507
1003777,2000,US410417775,C08L 101/00
100384,2008,FI01120389,C30B  29/40
1003873,2000,US221024240,A61B  17/86
100408,2008,US570248420,B65D  43/06
1004092,2000,US410417775,C07F   5/02
1004100,2000,US941081436,B41J   2/175
1004120,2000,US510014090,C12N  15/82
1004139,2000,US221024240,A61K   9/00
1004155,2000,NL30000153,B22F   1/00
1004171,2000,US390622040,H01M  10/44
1004428,2000,US140689340,C07B  61/00
1004460,2000,US410417775,C08G  18/65
1004507,2000,US410231510,C11D  17/00
1004508,2000,US220790350,A61K  31/423
1004551,2000,US134466320L,F24C  15/16
100458,2008,FR395030844,A61K  31/785
1004632,2000,NL24473890,B01J  31/16
1004641,2000,US541692118,B05D   3/10
1004752,2000,US135315170,A61K  48/00
1004753,2000,US126526136L,B60G   3/28
1004792,2000,US943134940,A61K  47/32
1004798,2000,US222640650,G09G   5/00
1004832,2000,BM28680R,G06F   9/45
100484,2008,US941622541,H01S   3/081
1004849,2000,IE498284,A61K  38/00
1004914,2000,US941672743,H04J   3/06
1004946,2000,US221918501,C12Q   1/28
100496,2008,US930822509,B65G  27/04
1005155,2000,DE8170014684,B01D  53/52
100518,2008,US942404110,G06F  17/30
1005256,2000,US222640650,G02B  27/02
1005262,2000,US350470950,C07D 409/12
1005282,2000,US160417150,B32B  17/10
1005286,2000,CHCHE103867266,A61P   9/12
10053,2007,US591995548,C12P  21/08
1005316,2000,US341897652,C08L  51/00
1005434,2000,US221918501,A61K  39/35
100544,2008,US160393470,B32B  17/10
100546,2008,US160417150,G06F  17/30
1005488,2000,US221918501,G02F   1/137
1005521,2000,US060570975,B05B   1/14
1005529,2000,US141902018,G01N  33/15
1005530,2000,US127688636L,H04L  27/26
1005625,2000,US410417775,G09F  15/02
1005671,2000,IE545333,A61B  17/16
1005879,2000,US*D00225910,C03C  25/14
1005900,2000,US221918501,C12N  15/09
1005901,2000,US310411980,A61F   5/455
1005940,2000,US042695240,A61F   2/82
1006098,2000,US220790350,C12P  17/18
1006224,2000,US80-998-7139,B65D  71/00
1006227,2000,US135409005,C10M 135/10
1006230,2000,US930708501,C12Q   1/34
1006351,2000,US61-303-5091,F16H  48/08
1006504,2000,US941672743,G06F   9/38
1006545,2000,US943296648,A61M  15/00
1006562,2000,US127688636L,G06F   9/445
1006571,2000,US753099507,G09F  19/12
1006590,2000,US941672743,H04L  12/28
1006595,2000,US133575653,H04L   9/30
1006621,2000,US160757636,H02K  41/025
1006777,2001,US410417775,B01D  39/20
1006800,2001,US130871985,G06F  17/30
1006804,2001,US130871985,G06F   5/06
1006817,2001,US750289970,G06F   5/00
1006826,2001,US750289970,H03L   7/091
1006846,2001,US750289970,H03G   3/30
1006965,2001,US130871985,H04L  12/931
1006990,2001,US160393470,H04Q  11/04
1007042,2001,US541692118,B23B  27/16
100716,2008,IE545333,A61B  18/14
1007249,2001,US811197930,G02B   6/38
100736,2008,US140689340,G06F  19/00
100738,2008,US431301883,H04L  29/06
1007409,2001,US221918501,C08F   4/68
1007426,2001,US362382580,F02F   1/38
1007464,1996,US221918501,C12N   9/00
100752,2008,BM39158R,H01L  29/78
100754,2008,US751618004,H01L  25/10
100758,2008,US361258310,B23K   9/10
1007795,2001,CHCHE114934754,H01R  12/78
1007797,2001,US361258310,B05B   5/025
1007817,2001,US160417150,B65H  31/26
100786,2008,US231147939,A61M  25/00
1007910,2001,US650654331,B32B  27/08
100792,2008,US910425694,H01S   3/042
1007963,2001,US*839833915,B60R  11/02
1008017,2001,US363853103,A61M  15/08
100808,2008,US361984010,G05D  16/02
100810,2008,US361115800,G06Q  50/00
100812,2008,US941081436,H04B  10/02
1008146,2001,NL24473890,B32B  27/06
100816,2008,US340217820,C09C   1/68
1008278,2001,US222640650,F24H   1/48
1008346,2001,USM46560,H03G   3/30
1008352,2001,US130871985,B41N   1/08
100836,2008,US361258310,F16B  45/00
1008429,2001,US522284372,A23J   3/08
1008465,2001,US043110160,G01N  27/447
10085,2007,US770059951,H04B  10/06
100852,2008,US770059951,H04L  12/28
100858,2008,US361258310,B65D  71/50
100860,2008,US042209186,G01N  23/223
100864,2008,US941081436,G06K   7/10
1008661,2001,US160417150,G03G  15/00
1008685,2001,US160417150,B65H   9/00
1008704,2001,US383519512,F25B   9/00
1008778,2001,US430259330,F16B   7/18
1008803,2001,US362382580,F02F   1/24
1008828,2001,US222640650,C10G  49/22
100883,2008,US222640650,G08B   1/00
1008886,2001,US160417150,B65H   9/00
1008910,2001,US160417150,G03G  21/00
1008929,1996,US231722724,H01L  23/485
1008944,2001,US362382580,E02F   3/34
1009017,2001,US042209186,G01N  35/00
100913,2008,US131815595,A46B   9/04
1009153,1997,GB03888792,F16K  24/04
100917,2008,US840846841,G01R  31/00
1009170,1995,US953540776,A61K  38/00
1009228,2001,US230366390,C09D 201/08
100923,2008,US751618004,H01L  21/56
1009242,2001,US952453261,H01R  13/115
100927,2008,US250900168,C23C  28/04
10093,2007,IE522227,A61K   9/20
1009494,2001,US362382580,A01D  45/02
100951,2008,US042564110,G01B   5/28
1009584,2001,US231274455,F25J   3/06
1009606,2001,US941672743,H03M  13/41
100973,2008,US390168610,F04B  49/00
1009761,2001,US230366390,E04B   9/08
100979,2008,US222640650,G01N  29/24
1009893,2001,US04-884-7723,F02F   5/00
1009907,2001,US*839833915,B60J   3/02
1009908,2001,US222640650,C10G  19/02
1009954,2001,US362382580,B60T  11/224
1010081,2001,US430259330,B65G  21/20
1010126,2001,US361115800,H03G   3/30
101015,2008,US470248710,B65D  77/22
1010434,2001,US363514169,B60N   2/28
1010528,2001,US160417150,B65H  23/32
101053,2008,US411356149,B05D   7/00
1010708,2001,US221918501,C09K  19/18
1010712,2001,US361115800,H04J  11/00
1010713,2001,US522284372,B65D  75/58
1010771,2001,US362382580,A01D  34/63
1010825,2001,US362382580,B60N   2/52
1010885,2001,US231274455,F25J   3/02
1010935,2001,US363853103,B05B  17/04
1010962,2001,US340217820,C04B  41/51
101097,2008,US621786244,A61K  38/18
1011022,2001,US330199426,A43B  21/28
1011034,2001,US231274455,B01J   8/06
1011038,2001,US381794485,F16K  11/044
1011148,2001,US361115800,H04L  12/28
1011213,2001,US231274455,B08B   3/08
1011273,2001,US811197930,H01R  24/44
1011305,2001,US132739290,B02C  18/00
101131,2008,US135315170,C07F   9/12
101133,2008,US042272148,G01R  31/28
1011371,2001,US310411980,A61Q   5/06
101145,2008,US750289970,B23K   1/00
1011486,1995,DE7330530056,F02D  41/36
10115,2007,US941081436,H04N   7/24
101175,2008,US760207995,E21B  43/12
1011780,2001,US231147939,A61B  17/24
101189,2008,US410222640,B01D  50/00
1011916,2001,US541692118,H01L  41/083
1012012,2001,US221918501,G02F   1/139
101213,2008,US953685934,H04N   7/26
1012167,2001,US231274455,B01J  20/02
1012198,2001,US361115800,H04L   1/00
101231,2008,US953685934,H03F   3/45
1012351,2001,US390622040,G01M   1/22
1012381,2001,US362382580,F16H  39/04
1012449,2001,US042209186,G01N  33/53
1012452,2005,US042209186,G01N  33/543
1012539,2001,US650654331,B63C  11/22
1012584,2001,US160393470,C09D 183/04
1012741,2001,US362090085,B65H  18/26
1012779,1997,US360848180,A63B  21/005
1012864,2001,US410417775,C08G  81/02
1012867,2001,US350160610,B44F   5/00
1012949,2001,US750289970,H04B   1/707
101297,2008,US750289970,H01L  27/06
101301,2008,US751618004,G11C  29/40
101303,2008,US750289970,H01L  21/363
1013068,2001,US80-998-7139,B65D  71/00
1013131,2001,US160417150,A61B   5/00
101325,2008,US770059951,H04B   7/04
1013286,2001,DK41815612,F16K  11/20
1013288,2001,DK41815612,F16K  47/02
1013289,2001,DK41815612,F24D  19/10
1013372,2001,CHCHE114934754,G02B   6/44
10133983,1987,US221918501,C08F 220/54
1013409,2001,US200812170,C10N  20/00
1013428,2001,US410417775,B60R  13/04
1013475,2001,US341531521,H01H   9/02
1013503,2001,US350160610,B29C  49/06
1013505,2001,US341531521,B62D  55/084
1013508,2001,US341531521,B66C  19/00
1013548,2001,US341531521,B66C  23/82
1013569,2001,US350470950,B65D  85/30
1013572,2001,US340276860,G02B  26/00
1013576,2001,US221024240,A61K  31/35
1013709,2001,US140689340,F01D   5/20
101373,2008,GB05299925,H04L  12/56
1013758,2001,US410417775,G03B  21/56
1013997,2001,IE545333,A61B   1/267
1014081,2001,US130871985,G06F   1/32
1014245,2001,US410417775,B24D  11/02
101427,2008,US953685934,H04L  12/56
101429,2008,US411941551,B01F  13/08
101431,2008,US953685934,H04W  48/16
1014314,2001,JP000000703JPN,C08J   7/18
1014315,2001,US220790350,A61K  31/45
101443,2008,US381285128,G01N  29/04
1014447,2001,US160393470,B01D  19/04
101445,2008,US042209186,H01L  27/148
1014452,2001,US361258310,B05B  17/04
1014455,2001,DE8170014684,B01D  53/047
101453,2008,US770059951,H04L  29/06
1014556,2001,US060548860,B21J  15/28
1014562,2001,US381285128,C09D 201/00
1014582,2001,US630780521,B27B  33/14
1014643,2001,US132595091,H01H   1/58
1014650,2001,JP000000971JPN,G11B   7/004
1014689,2001,GB00432989,H01B  11/18
1014691,2001,US361984010,F02M  61/20
1014695,2001,US591995548,F23N   5/08
101471,2008,US951778500,G08B   1/00
1014723,2001,US135315170,C12P  17/16
1014734,2001,US160393470,C08J   3/24
1014748,2001,DE8170014684,B23K  20/12
1014766,2001,US221024240,A61F   2/44
1014785,2001,CHCHE100619832,F16B   5/12
1014787,2001,GB00432989,F16L  15/02
101485,2008,US750289970,G06F  12/00
1014853,2001,US361258310,B65B  13/30
1014856,2001,FI01120389,H04L   1/18
1014902,2001,US060548860,B25F   5/00
1014904,2001,US*929143416,G06F  21/00
1014905,2001,US222640650,C10G  67/02
1014932,2001,US160393470,C08F 290/14
1014962,2001,US140689340,F01D   5/18
1014986,2001,US160393470,F16F  15/02
1014990,2001,US361258310,F25D  23/08
1015002,2001,GB00137013,F04B   9/02
1015023,2001,US361258310,B65D  75/58
1015037,2001,CHCHE100619832,B65G  11/20
1015042,2001,IE545333,A61B  18/14
1015047,2001,US522284372,A23L  13/00
1015052,2001,US140689340,F02C   7/28
1015066,2001,US221024240,A61F   2/91
1015091,2001,US060570975,F04D  29/30
101511,2008,US130871985,H01L  21/768
1015121,2001,US221024240,G01N  35/10
1015129,2001,US130871985,G06F  11/00
1015174,2001,US135315170,A61K  47/44
1015187,2001,US221024240,A61L  17/12
1015208,2001,US361258310,B65D  33/25
1015216,2001,US130871985,G06F  11/00
1015235,2001,US140689340,F02C   7/12
1015239,2001,US231274455,C07D 251/36
1015240,2001,US231274455,C07B  39/00
1015246,2001,US221024240,A61F   2/08
1015257,2001,DE8170014684,B01D  53/34
1015281,2001,US140689340,F01D   9/04
1015301,2001,CHCHE114934754,G02B   6/38
1015315,2001,FI01120389,H04L   9/08
1015337,2001,US361258310,B65D   5/66
1015390,2001,CHCHE114934754,H01R  13/639
1015409,2001,US952110371,H04L  12/56
1015466,2001,US112534306,A61K   8/34
101553,2008,US953685934,G06F  15/00
1015535,2001,FR495380503,A23G   3/26
1015584,2001,US770422528,H04N   7/173
1015591,2001,CHCHE114934754,H01R  13/11
1015611,2001,US381686453,F42B   3/13
1015659,2001,US361258310,F16B  15/00
1016009,2001,US361258310,F16B  35/04
101601,2008,US942885898,G01N  19/06
101605,2008,US953685934,H04L  12/18
1016206,2001,US361115800,H04L  12/751
1016246,2001,US361258310,F24C  15/32
1016337,2001,US941109521,B29C  70/50
1016391,2001,US160417150,G06F   3/14
1016754,2001,US750289970,G01R  31/316
101677,2008,US750289970,H04B   7/212
101681,2008,US02-719-4946,B31B   1/02
101687,2008,US940890210,G01V  11/00
101703,2008,US223531208,H01L  21/66
101719,2008,US360698440,C12Q   1/68
101725,2008,US760207995,E21B  29/06
1017394,2001,US811197930,F16K   7/12
1017427,2001,US411443470,B62D  55/112
1017495,2001,US112534306,H04R   9/02
1017573,2001,US042209186,B61B   3/00
1017595,2001,US135315170,C07C 229/08
1017604,2001,US760475815,F16L  11/10
1017704,2001,US221918501,A61P   5/06
1017754,2001,US140689340,C08L  21/00
1017931,2001,US930370304,H05K   3/00
1018025,2001,US221918501,A61P  25/14
1018159,2001,US951567322,A63H   3/28
1018164,2001,NL30000153,C09C   3/06
1018183,2001,US112408943,A61K   8/00
1018191,2001,GB00102498,C07C  63/38
1018361,2001,IE545333,A61B  17/34
1018499,2001,US310411980,A61M  37/00
1018506,2001,US042695240,A61M  25/08
1018526,2001,US941672743,H04N   7/088
1018536,2001,US381285128,C07C  15/44
1018780,2001,US221024240,A61B  17/132
1018809,2001,US135315170,A61P  25/36
1018866,2001,US310411980,B26B
1018885,2001,US410417775,B32B  21/08
1018898,2001,US381285128,C08F 210/10
1019140,2001,US130871985,G06K   9/38
1019234,2001,US381285128,B65D  65/40
1019251,2001,GB09257343,C02F   1/44
1019256,2001,US410417775,A61M  16/00
1019291,2001,US953685934,H04L  12/56
1019554,2001,US340276860,H04L  29/06
1019585,2001,US310411980,A61F  13/15
1019615,2001,US131815595,A61K   8/898
1019640,2001,US140689340,A61B   6/06
1019643,2001,US160393470,C09D 135/00
1019659,2001,US222640650,B64D  41/00
1019797,2001,US980420726,H01M   8/02
1019985,2001,US410417775,C22C  47/06
1019997,2001,US02-719-4946,B65G  29/02
1020005,2001,US220790350,C07H  21/04
1020022,2001,US431878297,C12N   9/10
1020106,2001,US340183970,G07D   1/00
1020111,2001,CHCHE106841866,C07C 231/04
102019,2003,US980420726,C07F   7/00
1020269,2001,US410417775,A61F   5/01
1020276,2001,US361115800,H04B   7/005
1020287,2001,US131952290,G01B   7/02
1020334,2001,US221918501,A61K  31/444
1020370,2001,DK41815612,G01R   1/24
1020384,2001,US941672743,H04B   1/707
1020460,2001,NL24473890,C07F   5/02
1020517,2001,US530257888,H05K   3/12
1020613,2001,US510014090,D02G   1/02
1020623,2001,US410231510,C11D   3/02
1020625,2001,US870547337,A62D 101/45
1020626,2001,US941672743,G06F   1/32
1020644,2001,US160417150,B01J  23/42
1020651,2001,US650654331,B29C  65/34
1020706,2001,US221918501,C09C   1/00
1020741,2001,US310411980,A45D   1/02
1020749,2001,GB04366849,C07B  61/00
1020920,2001,US941672743,H04L  12/413
1020926,2001,US410417775,C09J   5/00
1020975,2001,US222640650,F16C  11/12
1020978,2001,US381285128,C07B  61/00
1021029,2001,US350160610,B21D  51/38
1021103,2001,GB04366849,C08G  65/10
1021128,2004,US042209186,B03C   1/02
1021282,2001,US410417775,B24D   3/34
1021303,2001,US930584541,A43B  13/20
1021337,2001,US951492269,B29C  47/88
1021340,2001,US042209186,C12Q   1/68
1021453,2001,US541692118,C07F   5/06
1021613,2001,US410417775,B41M   5/50
1021615,2001,US042052042,G01N  11/04
1021657,2001,US222640650,C22C  28/00
1021676,2001,US135409005,C10G  19/04
1021698,2001,US941672743,H04L  12/28
1021705,2001,JP000030643JPN,G06F  11/10
1021724,2001,USM46560,H04J   3/06
1021739,2001,US381285128,A61L  15/24
1021751,2001,US381285128,C07C 211/14
1021774,2001,US221024240,A61B  17/16
102191,2008,US362382580,B25J  13/08
1021944,2001,US930584541,A43B  13/20
1021949,2001,US953685934,H04L   1/00
1021956,2001,US*894088003,C07K  14/37
1022020,2001,US390394230,G01N  33/544
1022050,2001,US390520270,B66F  11/04
1022135,2001,US310411980,A45D   2/36
1022331,2001,US390394230,A61M   5/175
1022402,2001,US220790350,C07D 487/04
1022409,2001,US470813844,C09K   5/10
1022429,2001,US200865835,A61K  47/38
1022442,2001,US951778500,G08G   1/01
1022620,2001,US753099507,B65D  41/34
1022641,2001,US08-823-9165,C09J  11/06
1022682,2001,US222640650,G02B   3/00
1022711,2001,US061398235,H01B   1/24
1022715,2001,US410417775,H01M  10/40
1022724,2001,US160417150,A61K   9/26
1022882,2001,DE5330000056,A61P  15/08
1022934,2001,CHCHE114934754,H01R  11/12
1022962,2001,US470813844,C08F 210/16
1023038,2001,US310411980,A61F  13/20
1023051,2001,US410417775,B60J   1/00
1023071,2001,US200865835,C08F 216/18
1023195,2001,US310411980,A61C  17/22
1023196,2001,DE5330000056,A61P  15/18
1023286,2001,US130871985,H04J   3/06
1023388,2001,US381285128,B29K  23/00
1023547,2001,US042695240,A61B  18/14
1023562,2001,DE5330000056,A61K  31/56
1023569,2001,US410231510,A01N  31/02
1023827,2001,US221024240,A61K  38/00
1023845,2001,US942875566,A61K  47/34
1023868,2001,JP000001032JPN,G01N  33/53
1023885,2001,US330525145,C07D 513/16
1023988,2000,US*D00225910,D21H  13/40
1024004,2001,GB04366849,B65B  57/02
1024038,2001,US250900168,B24B   3/24
10241,2007,US541692118,A01N  55/08
1024113,2001,US042209186,B65D  51/00
1024230,2001,US200865835,C08F 210/10
1024253,2001,US*901469241,A61L   2/18
1024255,2001,US381285128,B65D  65/02
1024378,2001,US360698440,A61F   2/958
1024379,2001,US221024240,A61P  35/00
1024401,2001,US510014090,A23L   3/3463
1024512,2001,US591995548,B01D  29/11
1024519,2001,US910425694,G05D   1/00
1024535,2001,LULB159469,A45C  13/04
1024546,2001,US050315468,F16F  13/24
1024573,2001,FR752529131,B23Q   1/54
1024580,2001,US160417150,C07D 301/32
1024586,2001,US01-533-1636,A61F   2/01
1024614,2001,US042695240,A61L  29/08
1024944,2001,US222640650,G01C  19/66
1024956,2001,US340577130,C23C  16/02
1024979,2001,US361115800,H04B   7/26
102498,2004,WW*923202084,A61F   2/90
1024983,2001,US160393470,B05D   7/24
1024984,2001,US220760120,A61M   5/14
1025062,2001,US953685934,H04L  29/08
1025079,2001,FR395030844,A61K  31/505
102512,2004,US251615902,B60J   5/06
1025219,2001,GB00851026,A61P  21/00
1025268,2001,NL24473890,C08F   4/44
1025299,2001,US61-303-5091,F02F  11/00
1025357,2001,US130871985,G11C  29/16
1025430,2001,US430259330,G05D   3/12
1025451,2001,US941672743,H01L  23/485
1025457,2001,US942579683,H01S   3/06
1025471,2001,US941672743,G06F   9/445
1025473,2001,US941672743,H04L  12/56
1025506,2001,US591995548,C02F   1/32
1025522,2001,US510263969,G01B   7/004
1025547,2001,US131952290,F16K  41/02
1025594,2001,US541692118,C07F   1/00
1025771,2001,US220790350,A61K  31/455
1025773,2001,US160417150,B01D   9/00
1025774,2001,US160417150,C07C 303/44
1025803,2001,US131815595,B65D  17/28
1025836,2001,US160417150,C09J 133/08
1025838,2001,US390394230,D21F   1/52
1026011,2001,US361115800,H04L  12/28
1026076,2001,US130871985,G11B  21/08
102614,2006,US251797617,B66C  19/00
1026142,2001,US135315170,A61K  31/5383
1026152,2001,US330956711,G11C   7/02
1026159,2001,US410417775,G02B   6/34
1026180,2001,US341897652,C08G  18/50
1026185,2001,IE545333,A61B  17/00
1026199,2001,US140689340,C07F   9/6574
1026229,2001,US310411980,A61K   8/31
1026248,2001,US530257888,F16C  17/03
1026257,2001,US141682544,F16C  13/00
1026258,2001,US310411980,D06P   3/18
1026321,2001,US135409005,C10M 161/00
1026373,2001,US310411980,B29C  65/06
1026392,2001,US060570975,G05D  11/13
1026530,2001,US941655526,B24B   1/00
1026552,2001,US942634797,H01L  21/3065
1026556,2001,US410231510,C10G   9/16
1026560,2001,US130871985,B24D  13/12
1026801,2001,US135315170,A61K  31/5377
1026808,2001,US042209186,B01L  99/00
1026810,2001,NL14022069,A23C   9/152
1026838,2001,US250317820,F16B  19/05
1026844,2001,US310411980,A61K   8/892
1026856,2001,US*901469241,B29C  65/18
1026868,2001,US530257888,B67D   3/04
1026880,2001,US341730488,G01J   3/28
1026885,2001,US223166696L,C08L  97/02
10269,2007,US941672743,H01L  23/367
1026917,2001,US221918501,A61K  33/06
1026945,2001,US361258310,A44B  19/30
1027057,2001,US127688636L,H04L  27/26
10271,2007,US149209507L,B64C  27/00
1027175,2001,US135315170,A61K  47/34
1027182,2001,US410417775,B65D  83/14
1027188,2001,US910425694,H04L  12/24
1027198,2001,US980420726,C08K   3/04
1027209,2001,US221918501,C07D 409/04
1027223,2001,US250900168,B23C   3/06
1027351,2001,US951567322,A63H  27/00
1027365,2001,NL30000153,F01N   3/02
1027392,2001,US340590250,F16D   3/18
1027827,2001,BM28680R,G06T  15/40
1027843,2001,US951778500,G01S   3/38
1027879,2001,US221024240,G01N   1/10
1027884,2001,US361115800,H04W  88/02
1027892,2001,GB03888792,A61P  21/04
1027903,2001,US363514169,A46B  15/00
1027912,2001,US140689340,C01B  31/06
1027926,2001,US*894088003,B01J   2/16
1027929,2001,US953685934,H04W  74/00
102799,2006,US126952311L,B32B   9/00
1028070,2001,US221918501,C07D 317/20
1028089,2001,US131952290,G01N  27/07
1028097,2001,GB04366849,B01J  37/02
1028316,2001,US470813844,C10L   1/16
1028320,2001,US361115800,B62D   5/04
1028358,2001,US060570975,G08B  29/14
1028622,2001,US941655526,B28D   7/00
1028714,2001,US140689340,F02C   7/28
1028716,2001,IE527629,A61P  35/00
1028718,2001,US953540776,A61P  35/00
1028726,2001,US430259330,H02G   1/06
1028772,2001,IE545333,A61B  17/56
1028780,2001,US770160744,A61P   9/10
1028784,2001,US770024818,H04B  15/04
1028838,2001,US350470950,A47J  36/34
1028853,2001,NL24473890,C08F   4/6592
1029042,2001,US262439072,C07D 495/04
1029067,2001,US510014090,D04H   1/56
1029090,2001,US361115800,H04N  21/2365
1029137,2001,US131673581,F41A  33/00
1029195,2001,US140462060,D03D  11/00
10293,2007,US361115800,G06K   7/00
1029335,2001,US360781620,A61M   1/16
1029408,2001,US364316614,A61F   2/24
1029418,2001,US222640650,G01P   5/12
1029424,2001,US361115800,H04N  21/2365
1029427,2001,US310411980,A61K   8/898
1029447,2001,CHCHE103867266,C07D 403/12
1029457,2001,US381285128,B29L  30/00
1029666,2001,US980420726,C08K   5/47
1029668,2001,US221918501,A61P  13/12
1029691,2001,US980420726,C08L  71/00
1029825,2001,US941672743,H04Q   1/46
1029846,2001,US220790350,A61K  38/20
1029886,2001,US112989601,C23C  14/28
1029991,2001,US591995548,G02B  21/22
1030017,2001,US222640650,F23N   5/12
1030116,2001,FR395030844,C07K  16/18
1030153,2001,US221918501,C07D 401/04
1030268,2001,IE545333,A61B  17/135
1030282,2001,US135315170,C12N  15/09
1030288,2001,US042695240,A61F   2/84
1030351,2001,US*839833915,B60R   5/04
1030426,2001,US980420726,C09J  11/08
10305,2007,US361115800,H01Q   5/00
1030626,2001,US042695240,A61M  25/00
1030627,2001,US941672743,H04L  12/58
1030629,2001,US951778500,H01Q  21/00
1030634,2001,US250900168,B24B  31/00
1030637,2001,IE545333,A61B   5/1455
1030871,2001,US350470950,A61K  31/381
1030877,2001,US042272148,H03M   3/04
1030894,2001,US760475815,F16L  15/00
1030921,2001,US250317820,G03F   7/085
1030923,2001,US133306985,C07C 235/60
1030927,2001,IE545333,A61F   2/28
1030939,2001,BM28680R,G06F   1/18
1030941,2001,US310411980,A61F  13/551
103096,2007,US221024240,A61F   2/44
1030987,2001,US541692118,C08L  51/06
1031225,2001,US410417775,B24D   3/00
1031336,2001,US134466320L,F24C  15/16
103142,2007,US770059951,H04L  12/18
103145,2007,US043039129,C07D 487/04
1031527,2001,US410417775,B32B  37/12
1031533,2001,BM28680R,H04N  13/00
1031537,2001,US361115800,H04L   1/18
1031561,2001,US381239739,A61B  17/58
1031647,2001,CHCHE106841866,A61K  31/205
103165,2007,US221024240,A61F   2/30
1031685,2001,US361115800,G06T   7/00
103169,2007,US941672743,H04L   1/06
1031827,2001,US310411980,B01F   5/06
1031839,2001,US951778500,G03B  17/00
1031840,2001,IE545333,A61B  17/70
1032078,2001,US042209186,G01N  30/86
103217,2002,US330956711,G11C   7/12
1032260,2001,US221918501,A61P  35/00
1032265,2001,US390394230,A61K  31/4196
1032296,2001,US362382580,F16H  57/033
1032311,2001,NL24473890,C08F   2/01
1032408,2001,US953685934,H04W  88/02
1032431,2001,GB04366849,E21B  43/10
103247,2008,US060495050,G07B  17/00
1032475,2001,US310411980,B26B  13/24
1032541,2001,NL30000153,C09C   3/06
1032544,2001,US221918501,A61K  31/66
1032626,2001,NL24473890,C07F   7/28
1032635,2001,CHCHE103867266,C07K  14/475
1032676,2001,US221024240,A61P   3/10
1032699,2001,IE545333,A61F   2/01
1032712,2001,US410231510,C12S   9/00
1032743,2001,US310411980,B26B  19/46
1032794,2001,US770024818,G11B   7/085
1032813,2001,US310411980,B65D  83/16
1032913,2001,US951778500,H01H   1/66
1032922,2001,US222640650,C10G  11/05
1032928,2001,US431301883,H04W  88/18
1032953,2001,US222640650,B60R  21/00
1033087,2001,US310411980,C07D 471/04
1033110,2001,US510263969,G01L   5/00
1033123,2001,US381285128,C08F 210/02
1033130,2001,US410417775,B41J   2/01
1033309,2001,US80-998-7139,B65D  71/00
1033387,2001,US160417150,A61L   9/014
1033452,2001,GB04366849,B04C   5/081
1033496,2001,US410231510,C11D   3/02
1033512,2001,US128639613L,F23R   3/40
1033563,2001,CHCHE103867266,C07K  19/00
1033571,2001,US043039129,A61K  31/4245
1033595,2001,US410417775,C12Q   1/22
1033734,2001,US131815595,B65D  35/22
1033751,2001,US411532464,H04L  29/06
103383,2001,US133404508,F16H   7/08
1033849,2001,US340276860,H04B  10/25
1033856,2001,US410417775,D01F   6/62
1033858,2001,US042272148,H03K   5/24
1033868,2001,US310267900,F16J  15/38
1034005,2001,US222711928,A61P  35/00
1034043,2001,IE527629,A61K   9/10
1034099,2001,US130871985,A24D   3/02
1034167,2001,IE545333,A61M  29/00
1034179,2001,IE545333,A61B  17/70
1034444,2001,US160393470,C08K   5/5419
1034449,2001,US410231510,C11D  17/00
1034499,2001,IE512978,H01H   9/54
1034533,2002,US230366390,B29C  44/56
1034567,2002,US473335141,B65D   5/38
1034579,2002,US361258310,B05C  13/00
1034600,2002,US361258310,B05C  11/10
1034684,2002,US362382580,A01F  15/08
1034750,2002,US112534306,H03G   5/02
1034831,2002,US381794485,E03C   1/29
1034865,2002,US221918501,C07F   9/28
103487,2008,US140689340,F03D  11/00
1034886,2002,US231274455,C01B  13/02
10349,2007,US361115800,H04W  84/22
1034924,2002,US391434669,B23Q  15/00
103496,2008,US160393470,A47L   9/16
1034979,2002,US043110160,C12Q   1/68
103501,2007,US221918501,B01D  46/42
1035048,2002,US541692118,H01L  41/083
1035075,2002,US361115800,H04M   3/56
10351,2007,US361115800,H04W  40/02
103520,2008,US222640650,G01N  30/46
1035203,2002,US541692118,H02N   2/02
1035257,2002,US112534306,H04H  40/18
10353,2007,US361115800,G08C  25/02
1035355,2002,US*901469241,G01G   3/12
1035404,2002,IE545333,A47G  25/30
1035426,2002,US133404508,F23Q   7/00
1035445,2002,US541692118,C01B  21/092
1035488,2002,US221918501,C07C  49/753
10355,2007,US361115800,H04L  12/66
1035853,2002,IE545333,A61B   5/053
1035981,2002,IE512978,F21V  21/02
1036024,2002,US050315468,F04D  13/06
1036050,2002,US149207978L,B23D  79/00
1036052,2002,US231274455,C09J 175/08
1036097,2002,US362382580,B60D   1/06
103615,2008,US381285128,C04B  35/443
1036206,2002,US370602744,F02D   1/16
103624,2008,US362382580,A01F   7/06
103625,2008,US362382580,A01F  12/52
103633,2008,US251797617,G01R  31/06
10365,2007,US130544597,A61K   8/00
1036535,2002,US060570975,B60Q   3/02
1036536,2002,US060570975,B64C   1/06
1036835,2002,US361115800,H04J  13/00
10369,2007,US060570975,H01M   8/24
1037035,2002,US361258310,B29L   9/00
1037044,2002,US362382580,F28D   9/00
1037052,2002,US370602744,F16H  57/08
1037304,2002,US129786550L,C01B   3/38
1037332,2002,US362382580,A01D  34/73
1037336,2002,US060548860,H01M  10/34
1037346,1996,US361258310,F16B  41/00
1037370,2002,DE5330000056,G01N  33/53
1037474,2002,US231274455,B01D  19/04
103754,2008,US02-719-4946,A47J  36/02
1037553,2002,US134466320L,A47B  88/10
1037642,2002,US060548860,A47L   5/24
1037657,2002,US650654331,B32B  27/08
1037737,2002,US370602744,F04B   1/29
1037792,2002,US050315468,B60K  15/035
1037824,2002,US112534306,H04M   9/08
1037925,2002,US942634797,H01L  21/304
1037991,2002,US250317820,B60R  19/18
1038173,2002,US129953265L,B65H  39/10
1038187,2002,US221918501,C09K  19/46
1038296,2002,US942359345,G06T  11/60
10383,2007,US361258310,B23K   9/10
1038436,2002,US650654331,B32B  27/32
103852,1987,JP000000971JPN,G11B  27/00
1038592,1996,US135409005,C10L   1/02
1038597,2002,US134466320L,F24C  15/16
1038662,2002,US361258310,B65B  11/04
1038700,2002,DE2-32691,B60N   3/12
1038735,2002,US340451060,F16L  37/42
103876,1990,US411276891,A61N   1/37
1038781,2002,US581960019,F02M  35/024
1038892,2002,US221918501,C09K  19/44
1038976,2002,US220760120,A61M   5/158
1039018,2002,US361115800,G10H   1/00
1039047,2002,US390178960,B41J  11/00
103907,1992,US135158950,B62D   1/184
1039093,1998,US042209186,G02B  21/32
103924,1992,US510378542,B29C  43/20
10397,2007,US361115800,H04M   3/08
1039728,2002,US222640650,F16K  31/50
1039840,2002,US361115800,H04B   1/71
1039846,2002,US050315468,B62D  11/18
1039888,2002,US363853103,A61M  15/00
10399,2007,CA30100NC,G02B   1/04
1040041,2002,DK41815612,F24H   9/12
1040076,1999,US131815595,A61K   8/86
1040083,2002,CA40076NC,H04M   7/00
10401,2007,US361115800,H04W   4/06
,2002,US221024240,
10403,2007,US361115800,G05B  11/01
104038,1996,US160417150,C09D  11/00
1040535,1995,US360781620,A61M   1/16
1040589,2002,US341531521,B66C  23/687
104060,1998,US140689340,C08G  73/16
1040613,2002,US341531521,B65G  63/00
1040628,2002,US341531521,B66C  23/697
1040646,2002,US750289970,H04L  12/56
10407,2007,US361115800,H04Q   7/20
1040798,2002,US140689340,F01D   5/20
1040882,2002,US141682544,G01N   1/00
1040900,2002,US060548860,H02K  23/04
1040903,2002,US221024240,A61F   2/00
1040972,2002,US231274455,F17C  13/02
1040981,2002,US221024240,A61B  18/04
1040991,2002,US221024240,A61B  17/076
1041022,2002,US522284372,B65D  33/25
1041047,2002,US135315170,A61P  25/28
1041058,2002,US431301883,H04L  12/64
1041089,2002,US135315170,A61K   8/42
1041155,2002,US135315170,A61P  37/08
1041184,2002,US221024240,A61B  17/00
1041282,2002,US043477276,F16L  55/28
1041332,2002,US940479804,F16L  27/08
1041349,2002,BM28680R,G06F  11/24
1041372,2002,US221024240,A61K   9/14
1041373,2002,US221024240,A61K   9/20
1041396,2002,DE8170014684,F04D  19/04
1041410,2002,US770518772,G01R  27/28
1041494,2002,US231274455,B01D   3/00
1041504,2002,US221024240,G01N  27/04
1041529,2002,DE8170014684,B23K  20/24
1041547,2002,US060570975,B60H   1/32
1041566,2002,US221024240,A61B  17/00
10416520,1986,US941081436,G01R  29/12
10419,2007,US361115800,G06T  13/00
1041980,2002,BM39158R,H04L  25/02
1042084,2002,US361258310,B25C   7/00
10421,2007,US361115800,G06F   3/048
1042355,2002,US941081436,G06F  13/40
1042359,2002,US941081436,H04L  29/12
1042685,2002,US140503795L,H01M  10/12
1042717,2002,US361115800,H04L  29/06
1042826,2002,US363514169,B29C  63/48
1043124,2002,US314388903,B65D  65/42
1043193,2002,US160547600,H02M   7/00
1043324,2002,US060548860,A47L   5/28
1043554,2002,US220760120,A61M  15/08
1043580,2002,US130871985,G06F  13/42
1043586,2002,US221024240,G01R  15/14
1043639,2002,US770024818,H03G   3/34
1043680,2002,US310411980,A45D  20/12
1043740,2002,IE512978,B60K  15/077
1043812,2002,US953685934,G01L  19/14
1043813,2002,US953685934,H04B   1/7073
10439,2007,US361115800,H04W  88/02
1043959,2002,US860629024,G06F  21/62
10441,2007,US941672743,H01L  21/304
1044154,2002,US360698440,A61F   2/16
1044212,2002,US050315468,B21D  41/02
1044296,2002,US221024240,C07F   7/08
1044357,2002,US953685934,H04W  28/26
1044375,2002,US220790350,A61P   3/06
1044386,2002,US140689340,D06L   1/04
1044394,2002,US410417775,G02B   6/44
10445095,1987,US140689340,C08G  77/24
1044528,2002,US130871985,G06F   9/50
1044535,2002,US135315170,A61P  15/06
10446153,1988,US750289970,H04M   1/60
1044631,2002,CA24-404-4009,C25C   7/02
1044643,2002,US221024240,C07K  14/705
1044807,2002,US042209186,G02B  21/24
1044831,2002,US951778500,F42B  10/66
1045214,2002,US130871985,H04L  12/861
1045429,2002,US220760120,C07K  14/435
10455,2007,US133575653,H04N   7/16
1045558,2002,US220760120,A61M   5/32
1045614,2002,FR395030844,A61L  26/00
1045652,2002,US941672743,G02F   1/1362
1045740,2002,US130871985,G11B   9/00
1045780,2002,US221024240,A61B  17/58
1045881,2002,US391434669,A61B   6/14
1046023,2002,US410417775,C09K  13/08
1046025,2002,US650654331,B32B  27/34
1046108,2002,US310411980,C07C 309/66
1046249,2002,US580628465,A23L   2/62
1046251,2002,US410417775,C09J 175/00
1046254,2002,US310411980,C11D   1/52
1046271,2002,US160393470,H04B  10/17
1046343,2002,CHCHE106841866,B01J  35/10
1046423,2002,US130871985,G06F   3/0484
1046518,2002,US310411980,A61K   8/00
1046546,2002,US61-303-5091,H01M   8/02
1046561,2002,US135315170,A61K  31/00
1046569,2002,US953685934,H04W  88/18
1046573,2002,US410417775,D06M  15/643
1046590,2002,US953685934,H04L  27/36
1046845,2002,US541692118,B04B   1/00
1046854,2002,US953540776,G06F  19/00
1046866,2002,US310411980,A61K   8/26
1046949,2002,US980420726,C09D 143/04
1047057,2002,US221024240,A61K  31/7016
1047097,2002,US410417775,H01H  13/70
1047098,2002,US222640650,G01R  33/02
10471,2007,US133306348L,C08F   2/00
1047103,2002,US942802192,G01S   1/00
1047117,2002,US222640650,G01V   8/10
1047133,2002,US042695240,A61B   1/00
1047175,2002,GB04366849,B24C   5/00
1047180,2002,US130871985,H04L  29/06
1047253,2002,US042695240,A61B  17/22
104735,2008,US340183970,H05K   5/02
1047367,2002,US221918501,A61P  21/00
1047383,2002,US231274455,B21D  45/02
1047526,2002,IE512978,F01C  21/08
1047535,2002,US410222640,B01D  35/16
1047547,2002,US431301883,H04W  72/00
1047564,2002,US770024818,H03M   3/00
1047568,2002,US430259330,G05B  23/02
1047593,2002,US043039129,A61P   1/14
1047611,2002,US02-719-4946,B65D  71/00
1047847,2002,US221024240,H03L   1/02
1047875,2002,US160393470,C08L  83/00
1047906,2002,US410417775,C09D 201/00
1047920,2002,US220760120,C12Q   1/04
1047934,2002,US360698440,A61K  38/00
1047937,2002,US410417775,C08F 214/26
1047957,2002,US135315170,A61P  25/22
1047982,2002,US361115800,H04W  80/00
1048308,2002,US221024240,G01N  35/00
1048327,2002,US410417775,C09J 163/00
104836,2008,US221024240,A61B  17/072
1048362,2002,US860629024,G06F  11/00
1048377,2002,US042695240,A61F   2/84
104865,2008,US221024240,A61F   5/00
1048739,2002,US160393470,C07F   7/18
1048750,2002,US310411980,A46D   3/04
1048757,2002,US591995548,F02D  45/00
1048758,2002,US310411980,A61F   7/03
1048759,2002,US953685934,H04W  88/02
1048851,2002,US940479804,A01N  57/12
1048942,2002,US361115800,G06T   1/00
1049000,2002,US381285128,B60R  19/04
1049122,2002,US410417775,C08L  23/02
1049129,2002,US050315468,F02B  61/04
1049145,2002,US042348234,H03L   7/183
1049149,2002,US222640650,F02B  37/14
1049310,2002,DE5330000056,A61P  17/00
1049448,2002,US410417775,C08G  59/50
104946,2007,US221024240,A61L  27/56
1049470,2002,US160417150,C07C  67/36
1049476,2002,US580628465,C02F   5/02
1049497,2002,US953685934,H04W  36/18
1049516,2002,US221918501,A61P   1/04
1049541,2002,US362090085,H01H  13/58
1049571,2002,US310411980,A46B   3/08
1049594,2002,GB00851026,A61P  25/00
1049625,2002,US360698440,C07D 295/08
1049707,2002,US130871985,H04L  12/18
1049781,2002,US980420726,B01D  45/16
1049784,2002,US410417775,G02B   5/02
1049793,2002,US942404110,G06F   1/18
1049809,2002,US135315170,A61P  25/18
1049816,2002,US340276860,H04W  88/08
1049827,2002,US221918501,A61P  27/02
1049832,2002,US160417150,C09J 133/08
1049877,2002,US943038428,G02B   6/42
1049896,2002,NL24473890,C08F   4/6592
1050086,2002,US350470950,G01D   5/25
1050123,2002,US410417775,G09F  21/02
1050131,2002,US953685934,H04W  52/02
1050134,2002,US042882273,B01D  35/30
1050296,2002,US310411980,D06L   3/02
10503,2007,US140689340,H05B  41/04
1050314,2002,US953685934,H04B   1/7117
1050378,2002,US361115800,H04B   1/12
1050390,2002,DE5330000056,A61P  27/02
1050404,2002,GB04366849,B01J  31/24
1050422,2002,GB04366849,C08F   4/64
1050550,2002,US222640650,F23N   5/00
1050567,2002,US940890210,C10G  29/20
1050570,2002,US160393470,C08F   8/42
1050607,2002,US953540776,A61P  13/12
1050614,2002,US140689340,C08L  71/12
1050628,2002,US943038428,G02B   6/26
1050637,2002,US042209186,C07H  21/00
1050672,2002,US941672743,H03D   3/00
1050730,2002,BM39158R,H04L  27/00
1050801,2002,IE545333,A61B  17/00
1050900,2002,US330525145,A61P  25/18
1050908,2002,US310411980,C11D   7/50
1050914,2002,US04-291-5991,E01F  15/14
1051005,2002,US131815595,A61K   9/00
1051021,2002,US133575653,H04N   7/10
1051051,2002,US340451060,F16L  11/08
1051166,2002,US130871985,H04J  14/02
1051249,2002,US221024240,C11D  17/04
1051455,2002,US135315170,A61K  31/4188
1051458,2002,US310411980,B65D  75/58
1051463,2002,US250900168,B21G   3/28
1051473,2002,US510014090,B29C  43/02
1051521,2002,US941672743,G06F  13/28
1051535,2002,US410417775,B32B  27/30
1051551,2002,US221024240,A61P  25/20
1051553,2002,US953685934,H04L  29/06
1051766,2002,US410417775,G09F   3/02
1051767,2002,US591995548,C12Q   1/02
1051798,2002,US410417775,C09J 201/00
1051818,2002,US410417775,B01D  71/26
1051930,2002,US751618004,G11C  16/10
1052025,2002,IE545333,A61B  17/56
1052028,2002,US940479804,F16K   3/02
1052029,2002,US410417775,H05K   1/16
1052045,2002,US760207995,C08F 220/06
1052046,2002,US410417775,C08K   5/42
1052063,2002,CHCHE100619832,F16B   5/02
1052074,2002,US943038428,H01S   5/0687
10521,2007,US410417775,G06K  19/07
1052286,2002,US940890210,B01J  29/06
10523,2007,IE545333,A61F   2/84
1052300,2002,US221918501,C07D 221/16
1052305,2002,CHCHE103867266,C12N  15/09
1052308,2002,US953685934,H04W  92/20
1052314,2002,US951567322,A63H   3/36
1052334,2002,US410274440,A23G   9/34
1052472,2002,US060548860,B23K   9/10
1052639,2002,US953540776,A61P  25/36
1052644,2002,US941672743,G06F  13/42
1052647,2002,US390394230,G05D  16/02
1052719,2002,US350470950,A61P  15/10
1052723,2002,USM46560,H04B   1/7105
1052728,2002,US*839833915,B60R  11/00
105279,2008,US381285128,C07C  51/487
10529,2007,US130544597,A61Q   1/00
1052900,2002,US222640650,B64D  13/00
1052985,2002,US222640650,G01C  19/56
1053006,2002,US310411980,B01J  20/28
1053016,2002,US340451060,B01D  29/21
1053062,2002,US381285128,C08F   4/622
1053120,2002,US160393470,F16D  41/07
1053137,2002,US230366390,C08K   5/00
1053214,2002,DE5330000056,A61P  35/02
105340,2008,US381285128,C08L  13/00
1053416,2002,US135315170,C07D 403/12
1053480,2002,US330956711,G11C  16/02
1053491,2002,US042209186,G01N   1/00
1053519,2002,US381285128,C08G  18/80
1053542,2002,US221918501,A61P  25/28
1053588,2002,US341531521,B66C  23/74
1053636,2002,US430259330,H05K   7/20
1053695,2002,IE545333,A61F   2/00
10537,2007,US140689340,H01K   1/02
1053707,2002,US510484716,B64D   9/00
1053752,2002,US160393470,H01L  21/58
1053791,2002,US060570975,A62C  35/08
1053796,2002,US042695240,A61B   8/06
1053807,2002,US410417775,G09F  13/18
1053835,2002,US953685934,H04Q   3/00
1053861,2002,US361115800,H04L  27/06
1053895,2002,US250668780,A62B  18/08
1054007,2002,US221918501,C01B  33/113
1054092,2002,GB00432989,F02K   1/34
1054203,2002,US410417775,B32B   5/02
1054204,2002,US221024240,H04R  29/00
1054340,2002,CHCHE114934754,G06K  19/077
1054490,2002,US941672743,H04L  12/46
1054512,2002,US410417775,G08B  13/24
1054525,2002,US410417775,G09F   9/00
1054718,2002,US61-303-5091,B60C  23/00
1054738,2002,US410417775,B05D   7/00
1054838,2002,US112534306,H01B  11/10
1054847,2002,CHCHE106841866,C07C 255/50
1054915,2002,US360781620,A61M   1/34
1054997,2002,US410417775,B41J   2/01
1055004,2002,US330956711,G11C  16/04
1055076,2002,US391434669,A61B   6/14
1055221,2002,US130871985,H04L  29/06
1055301,2002,US410417775,D06M  10/10
1055367,2002,US130871985,G11C  29/00
1055495,2002,GB04366849,C07C  29/145
1055541,2002,DE8310138135,H01R   3/08
10557003,1986,US941081436,G02B   6/42
1055741,2002,US381285128,A61P  35/00
1055783,2002,CA30100NC,A61B   3/00
1055796,2002,US*894088003,C07K  14/32
1055801,2002,US221918501,A61K  31/15
1055813,2002,IE545333,A61B  17/80
1055962,2002,US221024240,C12Q   1/68
1055989,2002,US221918501,A61Q  17/04
1056151,2002,US135409005,C07C   7/04
1056152,2002,US222640650,G05B  23/02
1056155,2002,US410417775,A61P  17/00
1056234,2002,US753099507,A45D  33/18
1056248,2002,US221024240,C12N  15/09
10563,2007,US410417775,G01D   5/36
1056377,2002,US350470950,A61P  13/02
1056392,2002,US310411980,C11D   3/16
1056477,2002,US231498399,H01L  21/60
1056510,2002,US160393470,C08J   5/00
1056591,2002,NL24473890,C07F   7/08
1056624,2002,US222640650,B60T   8/48
1056625,2002,US941655526,G02F   1/313
1056638,2002,US510014090,C09D   5/00
1056651,2002,US133937434,G08G   5/04
1056857,2002,US410417775,B65D  19/00
1056861,2002,US135315170,C07D 209/08
1056930,2002,US140689340,C08G  64/40
1056986,2002,US360922490,F02M  47/00
1057033,2002,US220790350,A61P   3/06
1057091,2002,US951778500,H01Q   1/42
1057100,2002,US80-998-7139,B65D  71/20
10572559,1986,US941081436,G01D  15/24
1057272,2002,US951778500,H01Q  13/08
1057314,2002,US541887631,F04D  29/60
105754,2008,US221024240,B65D  83/08
1057564,2002,US381285128,C09D   5/00
1057590,2002,US650654331,C08L  23/30
1057777,2002,US133575653,H04N   7/16
1057839,2002,US541497771,A61F  13/514
1057872,2002,US131815595,C11D  17/04
10579,2007,US381285128,C08L  23/02
1057930,2002,US470813844,C08K   5/138
1057973,2002,US941672743,G06F  21/31
1058026,2002,US060548860,B21J  15/36
1058052,2002,US941672743,H04Q  11/00
1058094,2002,US410417775,C08F 220/24
1058098,2002,US941672743,G02B  27/01
1058141,2002,IE498284,A61M  15/00
1058148,2002,US310411980,A47J  43/07
1058154,2002,US310411980,B26B  19/14
1058243,2002,US130871985,H04L  12/56
1058328,2003,CA30100NC,B32B  29/02
1058353,2003,US221918501,C07C   1/24
1058402,2003,US231274455,C07B  61/00
1058445,2003,US060247840,F16F   1/12
1058463,2003,IE902315,B05B  11/06
1058651,2003,US230366390,C09D 167/07
10587023,1990,GB04366849,B01J  37/02
105880,2008,US222640650,H02J   1/14
1058819,2003,US220760120,G01N   1/00
1059187,2003,US270756180,F16H  61/16
105938,2008,US910425694,G06F  17/30
1059538,2003,US160417150,B65H   7/18
1059667,1998,US860629024,H04L   7/04
105970,2008,US130871985,G09G   5/00
1059845,2003,US221918501,G02B   5/08
10599,2007,US221463699,H01R  13/24
1060021,2003,US363514169,A63C   9/00
1060099,2003,US230366390,C08L  15/00
1060151,2003,CHCHE114934754,F16B  41/00
1060177,2003,US112534306,G01C  21/36
1060180,2003,US221918501,C07C  17/26
1060253,2003,US230366390,E04B   9/12
1060323,2003,US231274455,C11D   7/26
1060348,2003,US362382580,A01B  63/32
1060367,2003,US362382580,A01F  15/08
1060615,2003,US060548860,B25D  16/00
1060699,2003,US340276860,H01P   1/203
1060786,2003,US410417775,A61C   9/00
1060903,2003,US231274455,B01J  20/02
1060933,2003,US341531521,B66C  13/44
1060972,2003,US112534306,G01C  21/36
10611,2007,US410417775,G06F   3/033
1061286,1999,IE527629,A61P  17/14
10613,2007,US410417775,G06F   3/033
1061318,2003,US220760120,G05D  16/20
1061413,1999,BE0423898710,C09K   3/00
1061461,2003,US220790350,A61F   5/44
10615,2007,US410417775,G02F   1/133
1061532,2003,US250730780,C08L  75/06
1061552,2003,US112534306,H01L  23/433
1061600,2003,US221918501,C07D 409/14
1061915,2003,US060548860,F16B  37/08
1062089,2003,US112534306,H03G   3/30
1062114,2003,US221918501,C09K  19/34
1062282,2003,US060548860,B23K   9/00
1062303,2003,US133404508,F02P   3/02
1062497,2003,US230366390,B41M   5/36
106251,2008,US390875718,H02J   1/10
1062516,2003,US201945088,F02M  25/07
1062953,2003,US340590250,B65B  63/08