publn_nr,publn_year,permno_adj,IPC1,share_pat
1120,2007,DE5070169898,G01R  31/36,0.33333334
1120,2007,DE5070169898,G01R  19/15,0.33333334
1120,2007,DE5070169898,G05F   3/30,0.33333334
1204,2000,JP000001032JPN,C07K  14/00,0.14285715
1204,2000,JP000001032JPN,C07K  14/47,0.14285715
1204,2000,JP000001032JPN,C07K  14/705,0.14285715
1204,2000,JP000001032JPN,C12N  15/00,0.14285715
1204,2000,JP000001032JPN,C07K  16/18,0.14285715
1204,2000,JP000001032JPN,A61K  38/00,0.14285715
1204,2000,JP000001032JPN,C07K  16/28,0.14285715
1215,2000,US942634797,H01J  37/32,0.2
1215,2000,US942634797,H01L  21/205,0.2
1215,2000,US942634797,H01L  21/3065,0.2
1215,2000,US942634797,C23C  16/507,0.2
1215,2000,US942634797,H05H   1/46,0.2
1221,2001,US362382580,B60R  21/13,0.25
1221,2001,US362382580,B60Q   1/32,0.25
1221,2001,US362382580,B60Q   1/00,0.25
1221,2001,US362382580,B62D  33/06,0.25
1237,2001,US160468020,C08F   2/32,0.25
1237,2001,US160468020,B01F  17/00,0.25
1237,2001,US160468020,B01J  13/20,0.25
1237,2001,US160468020,B01J  13/10,0.25
1361,2002,US043002117,C07D 321/00,0.16666667
1361,2002,US043002117,A61K  45/06,0.16666667
1361,2002,US043002117,C07D 313/00,0.16666667
1361,2002,US043002117,C07D 493/04,0.16666667
1361,2002,US043002117,A61K  31/365,0.16666667
1361,2002,US043002117,C07D 313/06,0.16666667
1513,2004,US128551454L,A61K  33/26,0.071428575
1513,2004,US128551454L,A61K  31/00,0.071428575
1513,2004,US128551454L,A61K,0.071428575
1513,2004,US128551454L,A61P  35/00,0.071428575
1513,2004,US128551454L,A61K  38/14,0.071428575
1513,2004,US128551454L,A61K  31/195,0.071428575
1513,2004,US128551454L,A61K  47/48,0.071428575
1513,2004,US128551454L,A61K  51/00,0.071428575
1513,2004,US128551454L,A61K  31/15,0.071428575
1513,2004,US128551454L,A61K  38/17,0.071428575
1513,2004,US128551454L,A61K  31/714,0.071428575
1513,2004,US128551454L,A61K  38/19,0.071428575
1513,2004,US128551454L,A61K  31/70,0.071428575
1513,2004,US128551454L,A61K  38/21,0.071428575
1518,2004,US221024240,A01K  67/027,0.125
1518,2004,US221024240,C12N  15/85,0.125
1518,2004,US221024240,C12Q   1/68,0.125
1518,2004,US221024240,G01N  33/50,0.125
1518,2004,US221024240,A61K  49/00,0.125
1518,2004,US221024240,C07K  14/47,0.125
1518,2004,US221024240,C12N   5/10,0.125
1518,2004,US221024240,C12N,0.125
1654,2005,US060548860,B25B  23/00,0.5
1654,2005,US060548860,B25B  21/02,0.5
1669,2005,US221024240,A61B  17/22,1
1882,2006,US910425694,G06F   9/46,1
1892,2006,US340253240,B29C  73/22,0.33333334
1892,2006,US340253240,C08L  23/22,0.33333334
1892,2006,US340253240,B29C  73/16,0.33333334
1900,2006,US310411980,C11D   3/395,0.33333334
1900,2006,US310411980,C11D   3/39,0.33333334
1900,2006,US310411980,C11D   3/386,0.33333334
1926,1997,US060548860,B27G  19/02,0.2
1926,1997,US060548860,B23Q  11/00,0.2
1926,1997,US060548860,B23Q  11/08,0.2
1926,1997,US060548860,B23D  59/00,0.2
1926,1997,US060548860,B23D  47/02,0.2
1931,2006,US310411980,C11D  11/00,0.25
1931,2006,US310411980,C11D   3/50,0.25
1931,2006,US310411980,C11D  17/04,0.25
1931,2006,US310411980,C11D   3/386,0.25
1932,2006,US310411980,A45D  20/42,1
1969,2006,US362382580,A01F  15/14,0.33333334
1969,2006,US362382580,F01P  11/10,0.33333334
1969,2006,US362382580,A01B  71/08,0.33333334
1983,2006,US381285128,C11D   7/00,0.2
1983,2006,US381285128,C11D  11/00,0.2
1983,2006,US381285128,H01L  21/306,0.2
1983,2006,US381285128,C09K  13/08,0.2
1983,2006,US381285128,C09D   9/00,0.2
1989,2006,US221024240,A61M  25/09,1
2039,2006,JP000000801JPN,C08F 220/06,0.5
2039,2006,JP000000801JPN,A61Q   1/10,0.5
2061,2006,US222640650,C07C  19/08,0.33333334
2061,2006,US222640650,C07C  21/18,0.33333334
2061,2006,US222640650,C07C  17/278,0.33333334
2108,2006,US130871985,G06F   3/12,1
2125,2006,US360698440,A61F   2/16,1
2127,2006,US411356149,A61L  24/08,1
2237,2006,US135315170,A61K  31/4155,0.33333334
2237,2006,US135315170,A61P  35/00,0.33333334
2237,2006,US135315170,C07D 401/04,0.33333334
2245,2006,IE545333,A61B   5/05,0.5
2245,2006,IE545333,A61B   5/06,0.5
2285,2006,US410417775,C09J 163/00,0.25
2285,2006,US410417775,C08L  33/00,0.25
2285,2006,US410417775,C09J 133/06,0.25
2285,2006,US410417775,C09J 133/08,0.25
2287,2006,US410417775,G02B   6/38,0.5
2287,2006,US410417775,G02B   6/36,0.5
2439,2006,US361115800,H04Q   5/22,1
2454,2006,US410417775,A61K   6/00,0.5
2454,2006,US410417775,A61Q  11/00,0.5
2458,2006,US410417775,C08K   5/54,0.33333334
2458,2006,US410417775,C08L  27/12,0.33333334
2458,2006,US410417775,C08K   5/00,0.33333334
2475,2006,US410417775,H04N   9/31,0.25
2475,2006,US410417775,G02B  27/18,0.25
2475,2006,US410417775,G03B  21/20,0.25
2475,2006,US410417775,G03B  21/28,0.25
2477,2006,US410417775,A61K   6/08,0.5
2477,2006,US410417775,A61K   6/027,0.5
2488,2006,US131815595,A23K   1/175,0.5
2488,2006,US131815595,A23K   1/18,0.5
2559,2006,IE498284,A61K  31/58,0.5
2559,2006,IE498284,A61K   9/14,0.5
2560,2006,US952746131,H04L  29/12,0.5
2560,2006,US952746131,H04L  12/56,0.5
2582,2006,US410417775,B05D   5/08,1
2590,2006,US410417775,H01L  33/60,0.2
2590,2006,US410417775,H01L  33/00,0.2
2590,2006,US410417775,F21V   8/00,0.2
2590,2006,US410417775,H01L  33/54,0.2
2590,2006,US410417775,G02F   1/1335,0.2
2604,2006,US042695240,C08L  53/00,0.25
2604,2006,US042695240,A61L  29/04,0.25
2604,2006,US042695240,C08K   9/04,0.25
2604,2006,US042695240,C08K   9/02,0.25
2607,2006,US361115800,H04W  16/28,1
2610,2006,US131815595,C11D   1/83,0.2
2610,2006,US131815595,C11D   1/94,0.2
2610,2006,US131815595,C11D  17/00,0.2
2610,2006,US131815595,C11D   3/20,0.2
2610,2006,US131815595,C11D   3/43,0.2
2624,2006,US410417775,A61C   7/00,1
2625,2006,US410417775,A61M  37/00,1
2628,2006,US410417775,C08G  73/10,0.14285715
2628,2006,US410417775,C08G  69/00,0.14285715
2628,2006,US410417775,C08G  77/388,0.14285715
2628,2006,US410417775,C09J 183/10,0.14285715
2628,2006,US410417775,C08G  77/00,0.14285715
2628,2006,US410417775,C08G  77/455,0.14285715
2628,2006,US410417775,C08G  77/38,0.14285715
2642,2006,US410417775,G02B   1/04,0.16666667
2642,2006,US410417775,B32B  27/28,0.16666667
2642,2006,US410417775,C08G  77/455,0.16666667
2642,2006,US410417775,C09D 183/10,0.16666667
2642,2006,US410417775,C08J   7/04,0.16666667
2642,2006,US410417775,C09J 183/10,0.16666667
2659,2006,US220790350,A61K  39/00,0.33333334
2659,2006,US220790350,C07K  16/24,0.33333334
2659,2006,US220790350,C07K  14/54,0.33333334
2842,2007,JP000000801JPN,C11D   3/20,0.16666667
2842,2007,JP000000801JPN,C11D  11/00,0.16666667
2842,2007,JP000000801JPN,C11D   3/395,0.16666667
2842,2007,JP000000801JPN,C11D   3/37,0.16666667
2842,2007,JP000000801JPN,C11D  17/06,0.16666667
2842,2007,JP000000801JPN,D06L   3/02,0.16666667
2884,2007,US770059951,H04L   1/00,0.2
2884,2007,US770059951,H04L  12/715,0.2
2884,2007,US770059951,H04L  12/28,0.2
2884,2007,US770059951,H04L  12/26,0.2
2884,2007,US770059951,H04L  12/705,0.2
3325,2008,US380549190,B60R  22/02,0.5
3325,2008,US380549190,B60R  22/26,0.5
3344,2008,US310411980,C11D   3/00,0.14285715
3344,2008,US310411980,D06M  15/507,0.14285715
3344,2008,US310411980,D06M  15/53,0.14285715
3344,2008,US310411980,C11D   3/37,0.14285715
3344,2008,US310411980,D06M  15/59,0.14285715
3344,2008,US310411980,D06M  15/333,0.14285715
3344,2008,US310411980,D06M  16/00,0.14285715
3394,2008,US140689340,F22B  37/54,0.33333334
3394,2008,US140689340,F22B  37/56,0.33333334
3394,2008,US140689340,F02C   9/20,0.33333334
3395,2008,US140689340,H02M   1/32,0.5
3395,2008,US140689340,H02M   5/458,0.5
3420,2008,US160468020,G03G   5/14,0.33333334
3420,2008,US160468020,G03G   5/05,0.33333334
3420,2008,US160468020,G03G   5/147,0.33333334
3421,2008,US160468020,G03G  15/00,1
3423,2008,US340253240,B29D  30/30,0.25
3423,2008,US340253240,B29D  30/28,0.25
3423,2008,US340253240,B29D  30/46,0.25
3423,2008,US340253240,B29D  30/16,0.25
3530,2008,AU861012839,A61M  16/06,1
3574,2008,US222640650,G01M   3/32,0.5
3574,2008,US222640650,B64F   5/00,0.5
3580,2008,US222640650,G01C  21/16,1
3600,2008,US340253240,G01B  11/22,0.5
3600,2008,US340253240,G01B   7/26,0.5
3710,2008,US362382580,B60T  13/16,0.14285715
3710,2008,US362382580,B60T   7/04,0.14285715
3710,2008,US362382580,B60T   7/10,0.14285715
3710,2008,US362382580,B60T   8/34,0.14285715
3710,2008,US362382580,B60T   8/40,0.14285715
3710,2008,US362382580,B60T  11/10,0.14285715
3710,2008,US362382580,B60T  17/22,0.14285715
3877,2008,US941655526,C23F   1/44,0.090909094
3877,2008,US941655526,C23F   1/26,0.090909094
3877,2008,US941655526,C23F   1/00,0.090909094
3877,2008,US941655526,C23F   1/08,0.090909094
3877,2008,US941655526,C23C  14/56,0.090909094
3877,2008,US941655526,C23G   1/12,0.090909094
3877,2008,US941655526,C23G   1/00,0.090909094
3877,2008,US941655526,C23G   3/00,0.090909094
3877,2008,US941655526,B05B  12/10,0.090909094
3877,2008,US941655526,B08B   3/08,0.090909094
3877,2008,US941655526,C23C  16/44,0.090909094
3917,2008,US522284372,A23C  19/082,1
4084,2008,US381490038,D06F  39/02,0.33333334
4084,2008,US381490038,D06F  35/00,0.33333334
4084,2008,US381490038,D06F  39/00,0.33333334
4086,2008,US221024240,A61B   5/04,0.5
4086,2008,US221024240,G06K   9/00,0.5
4089,2008,US060570975,F16H  19/00,1
4108,2008,IE469272,B01D  53/26,0.33333334
4108,2008,IE469272,F24F   3/14,0.33333334
4108,2008,IE469272,F25B  15/02,0.33333334
4115,2008,US221024240,A61F   5/00,1
4134,2008,IE545333,A61B  17/072,1
4137,2008,US*B000061311,E03C   1/262,0.5
4137,2008,US*B000061311,E03C   1/22,0.5
4174,2008,US221024240,A61F   2/90,0.5
4174,2008,US221024240,A61F   2/88,0.5
4180,2008,US060570975,F01D   9/06,0.16666667
4180,2008,US060570975,B64D  13/06,0.16666667
4180,2008,US060570975,F02C   6/08,0.16666667
4180,2008,US060570975,B64D  29/00,0.16666667
4180,2008,US060570975,F02C   7/14,0.16666667
4180,2008,US060570975,F02K   3/06,0.16666667
4353,2008,US310411980,G05B  19/418,0.5
4353,2008,US310411980,A61F  13/15,0.5
4557,1986,US61-302-6959,H04N   9/64,0.5
4557,1986,US61-302-6959,H04N   9/78,0.5
4600,1986,US381285128,C12R   1/38,0.071428575
4600,1986,US381285128,A01N  63/00,0.071428575
4600,1986,US381285128,C12N   1/00,0.071428575
4600,1986,US381285128,C07K  14/00,0.071428575
4600,1986,US381285128,C12N  15/32,0.071428575
4600,1986,US381285128,C12P  21/02,0.071428575
4600,1986,US381285128,C07K  14/325,0.071428575
4600,1986,US381285128,C12N   1/21,0.071428575
4600,1986,US381285128,C12R   1/19,0.071428575
4600,1986,US381285128,C07K  14/41,0.071428575
4600,1986,US381285128,C12R   1/07,0.071428575
4600,1986,US381285128,A01N  63/02,0.071428575
4600,1986,US381285128,C12N  15/00,0.071428575
4600,1986,US381285128,C12N  15/09,0.071428575
4706,1987,JP000000971JPN,G11B  17/30,0.33333334
4706,1987,JP000000971JPN,G11B  17/04,0.33333334
4706,1987,JP000000971JPN,G11B  17/028,0.33333334
4893,1996,US060247840,F15B  21/10,0.33333334
4893,1996,US060247840,B30B  15/16,0.33333334
4893,1996,US060247840,F15B  11/20,0.33333334
4929,1998,US042680009,G06F  11/20,0.16666667
4929,1998,US042680009,G06F   3/06,0.16666667
4929,1998,US042680009,G06F  12/00,0.16666667
4929,1998,US042680009,G06F  13/00,0.16666667
4929,1998,US042680009,G06F   9/00,0.16666667
4929,1998,US042680009,G06F   3/00,0.16666667
5022,2008,US140689340,A61B   5/04,0.5
5022,2008,US140689340,A61B   5/0205,0.5
5048,2008,US221024240,A61B  17/072,1
5186,2007,IE545333,A61M   1/34,1
5250,2007,US910425694,B06B   1/06,1
5814,2007,US060570975,F02C   9/30,0.25
5814,2007,US060570975,F02C   9/26,0.25
5814,2007,US060570975,F02C   9/36,0.25
5814,2007,US060570975,F02C   7/232,0.25
5928,2008,US222640650,G01C  21/16,0.25
5928,2008,US222640650,G01C  19/20,0.25
5928,2008,US222640650,H02J  17/00,0.25
5928,2008,US222640650,G01C  19/10,0.25
6007,2008,US222640650,G01S   7/12,0.5
6007,2008,US222640650,G01S  13/95,0.5
6193,2008,US411276891,A61B   5/00,0.33333334
6193,2008,US411276891,G06T   5/50,0.33333334
6193,2008,US411276891,G06T   7/00,0.33333334
6335,2008,US140689340,H01L  31/0352,0.5
6335,2008,US140689340,H01L  31/04,0.5
6337,2008,US140689340,H01L  31/04,0.33333334
6337,2008,US140689340,H01L  31/075,0.33333334
6337,2008,US140689340,H01L  31/0352,0.33333334
6587,2008,US942404110,H04L  29/08,0.33333334
6587,2008,US942404110,H04M   3/487,0.33333334
6587,2008,US942404110,H04W   4/12,0.33333334
6825,2007,US310411980,A61C  17/34,0.5
6825,2007,US310411980,H02K  33/16,0.5
7797,2006,US060570975,G06F   7/00,0.25
7797,2006,US060570975,F24H   3/06,0.25
7797,2006,US060570975,F24H   9/06,0.25
7797,2006,US060570975,F28F  13/12,0.25
7801,2006,US060570975,F24H   9/06,0.5
7801,2006,US060570975,F24F   7/013,0.5
7805,2006,US060570975,F25D  19/00,0.33333334
7805,2006,US060570975,F25D  17/06,0.33333334
7805,2006,US060570975,F25D  23/12,0.33333334
7823,2006,US060570975,F24H   9/06,0.5
7823,2006,US060570975,F24D   5/10,0.5
7917,2006,US941672743,G11C   5/00,1
8021,2006,BM39158R,H03K  17/082,0.5
8021,2006,BM39158R,H02H   3/12,0.5
8225,2007,US943047598,C07D 471/04,0.33333334
8225,2007,US943047598,A61P  31/12,0.33333334
8225,2007,US943047598,A61K  31/519,0.33333334
8229,2007,US943047598,C07D 471/04,0.33333334
8229,2007,US943047598,A61K  31/519,0.33333334
8229,2007,US943047598,A61P  31/12,0.33333334
8889,2007,US310411980,D01F   2/00,0.33333334
8889,2007,US310411980,C08H   8/00,0.33333334
8889,2007,US310411980,D01F   9/00,0.33333334
9477,2007,US430259330,G01F   1/66,0.2
9477,2007,US430259330,F16L  55/07,0.2
9477,2007,US430259330,G01F  15/18,0.2
9477,2007,US430259330,G01N  29/14,0.2
9477,2007,US430259330,G01N  29/22,0.2
9517,2006,US941672743,G06Q  10/00,0.5
9517,2006,US941672743,G06N   5/02,0.5
9619,2006,US221024240,A61K  31/445,0.5
9619,2006,US221024240,C07D 401/06,0.5
9625,2006,US060570975,F25D  17/06,1
9631,2006,US060570975,F25B  49/02,1
9641,2006,US060570975,F25B  25/02,0.5
9641,2006,US060570975,F25B   5/02,0.5
9655,2006,US060570975,F25B   9/00,1
9673,2006,US060570975,F28F   9/26,1
9699,2006,US060570975,B66B   7/06,1
9701,2006,US060570975,B66B  11/02,1
9777,2007,US370602744,E02F   9/16,0.33333334
9777,2007,US370602744,B60R   3/00,0.33333334
9777,2007,US370602744,E06C   5/00,0.33333334
9783,2007,US160417150,H04N   5/232,0.33333334
9783,2007,US160417150,H04N   5/225,0.33333334
9783,2007,US160417150,G02B  27/64,0.33333334
9791,2007,US370602744,F02M  53/04,0.5
9791,2007,US370602744,F01N   3/20,0.5
9807,2007,US370602744,F02M  59/44,0.25
9807,2007,US370602744,F02M  61/16,0.25
9807,2007,US370602744,C23C  14/06,0.25
9807,2007,US370602744,C23C  14/02,0.25
9815,2007,FI01120389,H04W  36/32,0.5
9815,2007,FI01120389,H04W  36/04,0.5
9817,2007,US770518772,G01R  33/32,0.33333334
9817,2007,US770518772,G01R  33/24,0.33333334
9817,2007,US770518772,G01R  33/28,0.33333334
9827,2007,US112989601,C23C  14/24,0.5
9827,2007,US112989601,H01L  51/05,0.5
9919,2007,US221024240,A61K  31/445,0.5
9919,2007,US221024240,A01N  43/40,0.5
9967,2007,US221918501,A61K  31/495,0.33333334
9967,2007,US221918501,C07D 401/14,0.33333334
9967,2007,US221918501,A61P  29/00,0.33333334
10007,2007,US350257090,F01N  11/00,0.2
10007,2007,US350257090,F01N   3/02,0.2
10007,2007,US350257090,F01N   9/00,0.2
10007,2007,US350257090,F01N   3/023,0.2
10007,2007,US350257090,F01N   3/033,0.2
10013,2007,US221918501,A23J   1/00,0.5
10013,2007,US221918501,C07K   1/30,0.5
10021,2007,US221918501,A61J   1/03,1
10053,2007,US591995548,C12P  21/08,0.5
10053,2007,US591995548,A61K  39/395,0.5
10085,2007,US770059951,H04N   5/95,0.5
10085,2007,US770059951,H04B  10/06,0.5
10093,2007,IE522227,A61K   9/20,0.5
10093,2007,IE522227,A61K   9/16,0.5
10115,2007,US941081436,H04N   7/24,1
10241,2007,US541692118,B27K   3/36,0.5
10241,2007,US541692118,A01N  55/08,0.5
10269,2007,US941672743,H01L  23/36,0.33333334
10269,2007,US941672743,H01L  23/34,0.33333334
10269,2007,US941672743,H01L  23/367,0.33333334
10271,2007,US149209507L,F16F  15/22,0.5
10271,2007,US149209507L,B64C  27/00,0.5
10293,2007,US361115800,H01Q   1/22,0.25
10293,2007,US361115800,G06K   7/00,0.25
10293,2007,US361115800,G06K   7/10,0.25
10293,2007,US361115800,H01Q  15/00,0.25
10305,2007,US361115800,H01Q   5/00,0.33333334
10305,2007,US361115800,H01Q  19/00,0.33333334
10305,2007,US361115800,H01Q   9/04,0.33333334
10349,2007,US361115800,H04W  28/12,0.25
10349,2007,US361115800,H04W  92/20,0.25
10349,2007,US361115800,H04B   7/00,0.25
10349,2007,US361115800,H04W  84/22,0.25
10351,2007,US361115800,H04W  40/02,0.2
10351,2007,US361115800,H04W  92/20,0.2
10351,2007,US361115800,H04L  12/26,0.2
10351,2007,US361115800,H04W  28/12,0.2
10351,2007,US361115800,H04W  84/22,0.2
10353,2007,US361115800,H04H   1/00,0.14285715
10353,2007,US361115800,H04L   1/02,0.14285715
10353,2007,US361115800,H04B   7/02,0.14285715
10353,2007,US361115800,G06F  11/14,0.14285715
10353,2007,US361115800,H04H  20/71,0.14285715
10353,2007,US361115800,G08C  25/02,0.14285715
10353,2007,US361115800,H04J  99/00,0.14285715
10355,2007,US361115800,H04L  12/66,1
10365,2007,US130544597,A61K   8/00,0.5
10365,2007,US130544597,A61K   8/18,0.5
10369,2007,US060570975,H01M   8/24,0.33333334
10369,2007,US060570975,H01M   8/02,0.33333334
10369,2007,US060570975,H01M   8/10,0.33333334
10383,2007,US361258310,B23K   9/32,0.25
10383,2007,US361258310,B23K   9/10,0.25
10383,2007,US361258310,B23K   9/12,0.25
10383,2007,US361258310,B23K   9/133,0.25
10397,2007,US361115800,H04M   1/24,0.5
10397,2007,US361115800,H04M   3/08,0.5
10399,2007,CA30100NC,C08L  85/04,0.25
10399,2007,CA30100NC,G02B   1/04,0.25
10399,2007,CA30100NC,A61L  27/34,0.25
10399,2007,CA30100NC,A61L  12/08,0.25
10401,2007,US361115800,H04W   4/08,0.5
10401,2007,US361115800,H04W   4/06,0.5
10403,2007,US361115800,G05B  11/01,1
10407,2007,US361115800,H04Q   7/20,1
10419,2007,US361115800,G06T  13/00,0.5
10419,2007,US361115800,H04L   5/14,0.5
10421,2007,US361115800,G06F   3/048,1
10439,2007,US361115800,H04W  88/02,0.5
10439,2007,US361115800,H04W  28/04,0.5
10441,2007,US941672743,H01L  21/304,0.5
10441,2007,US941672743,B24B  37/04,0.5
10455,2007,US133575653,H04N   7/16,1
10471,2007,US133306348L,C08F 220/56,0.5
10471,2007,US133306348L,C08F   2/00,0.5
10503,2007,US140689340,H05B  41/04,1
10521,2007,US410417775,G06K  19/077,0.5
10521,2007,US410417775,G06K  19/07,0.5
10523,2007,IE545333,A61F   2/84,0.2
10523,2007,IE545333,B29C  49/20,0.2
10523,2007,IE545333,A61F   2/06,0.2
10523,2007,IE545333,B29C  33/40,0.2
10523,2007,IE545333,B29D  23/00,0.2
10529,2007,US130544597,A61K   8/00,0.16666667
10529,2007,US130544597,A61Q   1/00,0.16666667
10529,2007,US130544597,A61Q  19/08,0.16666667
10529,2007,US130544597,A61K   8/06,0.16666667
10529,2007,US130544597,A61K   8/18,0.16666667
10529,2007,US130544597,A61Q   5/12,0.16666667
10537,2007,US140689340,H01K   1/02,1
10563,2007,US410417775,H03M   1/24,0.5
10563,2007,US410417775,G01D   5/36,0.5
10579,2007,US381285128,C08L  23/02,0.33333334
10579,2007,US381285128,C08K   3/04,0.33333334
10579,2007,US381285128,H01B   1/20,0.33333334
10599,2007,US221463699,H01R  13/24,0.33333334
10599,2007,US221463699,H01R   9/16,0.33333334
10599,2007,US221463699,H01R  13/62,0.33333334
10611,2007,US410417775,G06F   3/033,1
10613,2007,US410417775,G06F   3/033,1
10615,2007,US410417775,G02F   1/13,0.33333334
10615,2007,US410417775,G06F   3/041,0.33333334
10615,2007,US410417775,G02F   1/133,0.33333334
10639,2007,US222640650,C07C   6/04,1
10651,2007,IE545333,A61M  25/00,0.5
10651,2007,IE545333,A61F   2/82,0.5
10663,2007,US340451060,H05K   7/20,1
10675,2007,US361258310,B65D   3/20,0.33333334
10675,2007,US361258310,B65H  49/08,0.33333334
10675,2007,US361258310,B65D  85/04,0.33333334
10677,2007,US361258310,B23K  10/00,0.5
10677,2007,US361258310,B23K   9/10,0.5
10697,2007,US250730780,C08J   7/18,0.5
10697,2007,US250730780,C08J   7/04,0.5
10707,2007,US410417775,B01J   2/00,0.5
10707,2007,US410417775,C09C   1/00,0.5
10717,2007,US941672743,H04W  72/08,0.5
10717,2007,US941672743,H04J  11/00,0.5
10719,2007,US941672743,H04N   7/32,1
10723,2007,US360698440,A61K  31/519,0.33333334
10723,2007,US360698440,A61K  31/4402,0.33333334
10723,2007,US360698440,A61P  35/00,0.33333334
10727,2007,US750289970,G09G   5/00,0.5
10727,2007,US750289970,G06F   3/02,0.5
10733,2007,US130871985,H01L  23/48,1
10735,2007,US750289970,H03K  19/082,1
10739,2007,US750289970,H01L  21/8242,1
10765,2007,IE545333,A61L  27/54,0.5
10765,2007,IE545333,A61L  27/56,0.5
10767,2007,US910425694,F28F   3/04,0.25
10767,2007,US910425694,B29C  67/00,0.25
10767,2007,US910425694,F28F   7/02,0.25
10767,2007,US910425694,B22F   3/105,0.25
10773,2007,US222640650,G01N  21/51,0.33333334
10773,2007,US222640650,G01N  21/39,0.33333334
10773,2007,US222640650,G01J   3/42,0.33333334
10781,2007,US770059951,H04L  12/28,0.33333334
10781,2007,US770059951,H04L  12/26,0.33333334
10781,2007,US770059951,H04L  12/56,0.33333334
10797,2007,US760207995,E21B  34/10,1
10801,2007,US330618093,B23Q   3/00,0.25
10801,2007,US330618093,A61B  18/18,0.25
10801,2007,US330618093,F16L   9/18,0.25
10801,2007,US330618093,B23K  15/06,0.25
10805,2007,US910425694,B22F   3/105,0.25
10805,2007,US910425694,F28F  13/00,0.25
10805,2007,US910425694,F28F   3/02,0.25
10805,2007,US910425694,B29C  67/00,0.25
10859,2007,US330956711,G11C  16/10,1
10879,2007,CHCHE103867266,A61P  35/00,0.33333334
10879,2007,CHCHE103867266,C07D 471/04,0.33333334
10879,2007,CHCHE103867266,A61K  31/437,0.33333334
10885,2007,US940890210,C10M 101/00,1
10899,2007,US042902449,G06K   9/00,0.5
10899,2007,US042902449,G06T   7/00,0.5
10915,2007,US940890210,F25J   3/00,1
10923,2007,US221024240,A61B   5/04,0.5
10923,2007,US221024240,A61N   1/04,0.5
10937,2007,US380387840,G06F  17/30,1
10953,2007,US350257090,G01M  15/10,0.11111111
10953,2007,US350257090,F01L   1/34,0.11111111
10953,2007,US350257090,F02D  41/04,0.11111111
10953,2007,US350257090,F01N   3/00,0.11111111
10953,2007,US350257090,F01N   3/023,0.11111111
10953,2007,US350257090,G01M  15/04,0.11111111
10953,2007,US350257090,F01N  11/00,0.11111111
10953,2007,US350257090,F02B  47/08,0.11111111
10953,2007,US350257090,F01N   3/035,0.11111111
10963,2007,US760207995,E21B  43/08,0.25
10963,2007,US760207995,E21B  23/04,0.25
10963,2007,US760207995,E21B  34/08,0.25
10963,2007,US760207995,E21B  34/14,0.25
10965,2007,US380837640,F16B  21/02,0.33333334
10965,2007,US380837640,F16B  12/20,0.33333334
10965,2007,US380837640,A47B  13/02,0.33333334
10987,2007,US941672743,H04B   7/26,0.5
10987,2007,US941672743,H04W  74/06,0.5
10993,2007,US750289970,H01L  21/02,0.5
10993,2007,US750289970,H01L  21/687,0.5
10997,2007,US750289970,H01L  23/488,0.5
10997,2007,US750289970,H01L  21/44,0.5
11003,2007,IE545333,A61N   1/368,1
11007,2007,US940890210,G06F  19/00,0.33333334
11007,2007,US940890210,E21B  43/12,0.33333334
11007,2007,US940890210,E21B  47/00,0.33333334
11027,2007,CA30100NC,C08J   7/04,1
11041,2007,US221024240,A61B  18/20,1
11081,2007,US220790350,C07D 255/04,0.25
11081,2007,US220790350,A61K  31/395,0.25
11081,2007,US220790350,A61P   7/02,0.25
11081,2007,US220790350,C07D 271/12,0.25
11083,2007,US941655526,C23C  14/00,1
11121,2007,US*839833915,G08C  17/02,1
11139,2007,US410417775,B01J   2/00,1
11143,2007,CA30100NC,A61F   2/16,1
11167,2007,US222640650,C08L  27/12,1
11181,2007,US222640650,B05D   1/00,0.33333334
11181,2007,US222640650,C08F 210/00,0.33333334
11181,2007,US222640650,C08F 220/00,0.33333334
11209,2007,US042209186,G01N  33/00,1
11235,2007,US942634797,H01L  21/687,0.5
11235,2007,US942634797,H01L  21/027,0.5
11239,2007,US770059951,G06F  15/173,1
11251,2007,US941655526,H01J  37/147,0.5
11251,2007,US941655526,H01J  37/317,0.5
11269,2007,US910425694,G01P   9/04,0.5
11269,2007,US910425694,G01C  19/56,0.5
11281,2007,US953685934,H04M   1/2745,1
11315,2007,US221024240,A61F   2/44,0.5
11315,2007,US221024240,A61B  17/58,0.5
11351,2007,US410231510,A61K  31/4745,1
11355,2007,US221024240,A61K  38/00,0.5
11355,2007,US221024240,A61K  38/10,0.5
11367,2007,US042695240,A61N   1/37,1
11373,2007,US221024240,A61K  38/00,0.5
11373,2007,US221024240,A61K  38/10,0.5
11391,2007,US222640650,F16D  65/09,0.5
11391,2007,US222640650,F16D  65/095,0.5
11403,2007,IE545333,A61F   2/02,0.25
11403,2007,IE545333,A61L  27/38,0.25
11403,2007,IE545333,C12N   5/00,0.25
11403,2007,IE545333,A61L  27/54,0.25
11413,2007,US061249050,C23C  14/34,0.33333334
11413,2007,US061249050,B22F   7/06,0.33333334
11413,2007,US061249050,H01J  37/34,0.33333334
11415,2007,DE5330000056,C12N   7/00,0.33333334
11415,2007,DE5330000056,C12N  15/861,0.33333334
11415,2007,DE5330000056,A61K  35/76,0.33333334
11463,2007,US910425694,B64C   1/20,1
11477,2007,US222640650,C10G  47/10,1
11483,2007,US200865835,A61K  31/07,0.083333336
11483,2007,US200865835,A61K   9/14,0.083333336
11483,2007,US200865835,A61P  27/02,0.083333336
11483,2007,US200865835,A61P  35/00,0.083333336
11483,2007,US200865835,A61K  47/34,0.083333336
11483,2007,US200865835,A61K  31/015,0.083333336
11483,2007,US200865835,A61K   9/10,0.083333336
11483,2007,US200865835,A61K  31/38,0.083333336
11483,2007,US200865835,A61K  47/38,0.083333336
11483,2007,US200865835,A61P   9/10,0.083333336
11483,2007,US200865835,A61K  31/01,0.083333336
11483,2007,US200865835,A23L   1/30,0.083333336
11485,2007,US221024240,A61K   8/81,0.5
11485,2007,US221024240,A61Q   9/04,0.5
11493,2007,US229491239L,A61P   3/04,0.2
11493,2007,US229491239L,A61P   5/50,0.2
11493,2007,US229491239L,A61K  38/26,0.2
11493,2007,US229491239L,A61P   3/06,0.2
11493,2007,US229491239L,A61P   3/10,0.2
11503,2007,US360781620,B03C   1/28,1
11545,2007,US410222640,B01D  46/00,0.2
11545,2007,US410222640,B01D  36/02,0.2
11545,2007,US410222640,B01D  45/16,0.2
11545,2007,US410222640,B01D  29/15,0.2
11545,2007,US410222640,B01D  50/00,0.2
11591,2007,US930948554,A61K  39/00,0.090909094
11591,2007,US930948554,A61K  39/385,0.090909094
11591,2007,US930948554,A61P  37/04,0.090909094
11591,2007,US930948554,A61K  39/39,0.090909094
11591,2007,US930948554,A61P  31/16,0.090909094
11591,2007,US930948554,A61K  48/00,0.090909094
11591,2007,US930948554,C12N  15/117,0.090909094
11591,2007,US930948554,A61K  39/145,0.090909094
11591,2007,US930948554,A61K  39/12,0.090909094
11591,2007,US930948554,A61K  39/04,0.090909094
11591,2007,US930948554,A61K  39/015,0.090909094
11593,2007,US043404176,A61K  31/341,0.06666667
11593,2007,US043404176,A61P   1/04,0.06666667
11593,2007,US043404176,A61K  31/195,0.06666667
11593,2007,US043404176,A61K  31/27,0.06666667
11593,2007,US043404176,A61K   9/00,0.06666667
11593,2007,US043404176,A61K  33/08,0.06666667
11593,2007,US043404176,A61K  45/06,0.06666667
11593,2007,US043404176,A61K  33/10,0.06666667
11593,2007,US043404176,A61K  31/4164,0.06666667
11593,2007,US043404176,A61K  31/575,0.06666667
11593,2007,US043404176,A61K  31/785,0.06666667
11593,2007,US043404176,A61K  31/4439,0.06666667
11593,2007,US043404176,A61K  31/4184,0.06666667
11593,2007,US043404176,A61K  31/444,0.06666667
11593,2007,US043404176,A61K  31/426,0.06666667
11595,2007,DE7150000030,C12N   5/06,0.05882353
11595,2007,DE7150000030,A01K  67/027,0.05882353
11595,2007,DE7150000030,C12N   9/28,0.05882353
11595,2007,DE7150000030,C12N   1/20,0.05882353
11595,2007,DE7150000030,C12P  19/04,0.05882353
11595,2007,DE7150000030,C12P  21/06,0.05882353
11595,2007,DE7150000030,C12Q   1/68,0.05882353
11595,2007,DE7150000030,A21D   2/00,0.05882353
11595,2007,DE7150000030,C12N  15/86,0.05882353
11595,2007,DE7150000030,C12P  21/08,0.05882353
11595,2007,DE7150000030,C12N   9/32,0.05882353
11595,2007,DE7150000030,C12C  11/00,0.05882353
11595,2007,DE7150000030,C12N  15/00,0.05882353
11595,2007,DE7150000030,C12N   1/00,0.05882353
11595,2007,DE7150000030,A61K  38/47,0.05882353
11595,2007,DE7150000030,A01H   1/00,0.05882353
11595,2007,DE7150000030,C07H  21/04,0.05882353
11613,2007,US841496755,H04N   7/173,1
11619,2007,US841496755,G06F  15/16,0.5
11619,2007,US841496755,H04N   7/173,0.5
11649,2007,US135315170,C07D 405/12,0.33333334
11649,2007,US135315170,A61K  31/33,0.33333334
11649,2007,US135315170,A61P  25/00,0.33333334
11663,2007,US141682544,G01B   9/02,0.33333334
11663,2007,US141682544,G01B  11/00,0.33333334
11663,2007,US141682544,G01B  11/02,0.33333334
11667,2007,US350257090,B01D  46/00,1
11719,2007,US953685934,H04N   5/367,0.33333334
11719,2007,US953685934,H04N   5/228,0.33333334
11719,2007,US953685934,G06F  11/00,0.33333334
11723,2007,US953685934,H04N   7/26,0.5
11723,2007,US953685934,H04N   7/24,0.5
11727,2007,US133404508,F16D  35/00,0.5
11727,2007,US133404508,F16D  11/00,0.5
11867,2007,US221918501,C07D 307/85,1
12003,2007,US370602744,B65G  19/18,0.5
12003,2007,US370602744,E21F  13/06,0.5
12731,2007,US230366390,E04B   1/82,0.5
12731,2007,US230366390,E04B   9/04,0.5
12775,2007,US380549190,F01P   3/04,0.5
12775,2007,US380549190,F01P   7/16,0.5
13036,2006,US222640650,C12Q   1/68,0.5
13036,2006,US222640650,C12N  15/00,0.5
13294,2007,US130871985,G06Q  30/00,1
13298,2007,US130871985,G08B  25/10,0.25
13298,2007,US130871985,G10L  25/90,0.25
13298,2007,US130871985,G08B  13/16,0.25
13298,2007,US130871985,G08B  25/08,0.25
13318,2007,US130871985,H04L  29/06,1
13324,2007,US130871985,G06F  17/30,1
13330,2007,US130871985,G06F  21/24,1
13336,2007,US130871985,G06F  17/24,1
13342,2007,US130871985,G06Q  10/00,0.33333334
13342,2007,US130871985,G06F  17/30,0.33333334
13342,2007,US130871985,G06F   3/06,0.33333334
13344,2007,US130871985,H04L  29/06,0.5
13344,2007,US130871985,H04L  12/22,0.5
13346,2007,US130871985,G06F  11/34,1
13386,2007,US130871985,H04N   7/26,0.25
13386,2007,US130871985,H04N   7/36,0.25
13386,2007,US130871985,H04N   7/50,0.25
13386,2007,US130871985,H04N   5/21,0.25
13402,2007,US130871985,G06F   9/50,1
13418,2007,US130871985,G06F  11/20,1
13436,2007,US381490038,F25D  23/10,0.25
13436,2007,US381490038,F25D  23/02,0.25
13436,2007,US381490038,A47B  95/00,0.25
13436,2007,US381490038,F25D  23/12,0.25
13480,2007,US130871985,G10L  15/24,0.33333334
13480,2007,US130871985,G10L  15/20,0.33333334
13480,2007,US130871985,G10L  15/28,0.33333334
13500,2007,US370602744,F01L   7/02,0.5
13500,2007,US370602744,F01L   7/10,0.5
13504,2007,US370602744,F01L   7/10,1
13622,2008,GB04366849,F25J   1/02,1
13714,2007,GB00137013,A61M  16/04,1
13780,2008,US350257090,G01S  15/00,0.25
13780,2008,US350257090,G01P   3/00,0.25
13780,2008,US350257090,G01P   3/489,0.25
13780,2008,US350257090,G01P   3/44,0.25
13898,2007,IE545333,A61F   2/24,1
14040,2007,US133435103,B01J  13/04,1
14042,2007,US510014090,C07C  69/604,1
14046,2007,US510014090,C12P   7/64,0.33333334
14046,2007,US510014090,C07C  67/08,0.33333334
14046,2007,US510014090,C07C  69/604,0.33333334
14050,2007,US042209186,H01J  49/00,0.5
14050,2007,US042209186,H01J  49/42,0.5
14058,2007,US133435103,A24D   3/06,0.33333334
14058,2007,US133435103,A24D   3/04,0.33333334
14058,2007,US133435103,A24D   3/02,0.33333334
14060,2007,US133435103,A24C   5/18,1
14066,2007,US133435103,A24D   1/02,1
14072,2007,US133435103,A24C   5/18,1
14096,2007,US390394230,D06M  10/02,0.5
14096,2007,US390394230,D06B  13/00,0.5
14098,2007,US390394230,B01J  19/10,0.33333334
14098,2007,US390394230,B01J   8/40,0.33333334
14098,2007,US390394230,B01J  19/00,0.33333334
14102,2007,US390394230,B01J  19/00,0.33333334
14102,2007,US390394230,B01J   8/40,0.33333334
14102,2007,US390394230,B01J  19/10,0.33333334
14106,2007,US390394230,C08J   5/12,0.25
14106,2007,US390394230,B29C  65/14,0.25
14106,2007,US390394230,C09J   5/06,0.25
14106,2007,US390394230,B29C  65/48,0.25
14134,2007,US390394230,G06T  13/40,0.5
14134,2007,US390394230,G06F  19/00,0.5
14136,2007,US390394230,G06Q  10/00,1
14162,2007,US390394230,G06Q  10/00,0.5
14162,2007,US390394230,G06Q  30/00,0.5
14222,2007,US330956711,H05K   5/02,1
14280,2008,US330956711,G06F  11/14,1
14400,2007,US160393470,C09J 183/04,1
14402,2007,US160393470,C09J 183/04,1
15166,2006,US060570975,H01M   8/04,1
15172,2006,US060570975,F25D  11/00,1
15174,2006,US060570975,H01M   8/00,0.2
15174,2006,US060570975,H01M   2/14,0.2
15174,2006,US060570975,H01M   2/00,0.2
15174,2006,US060570975,H01M   2/02,0.2
15174,2006,US060570975,H01M   8/10,0.2
15182,2006,US530257888,F25B  21/02,1
15196,2006,US060570975,F25D  17/00,1
15210,2006,US060570975,F25D  17/08,1
15214,2006,US060570975,H01M   8/02,0.5
15214,2006,US060570975,H01M   8/04,0.5
15266,2007,US951778500,F25B   9/10,1
15302,2007,US130871985,G06F   9/46,0.5
15302,2007,US130871985,G06Q  10/00,0.5
15312,2007,US381239739,A61B  17/02,0.33333334
15312,2007,US381239739,A61B  17/34,0.33333334
15312,2007,US381239739,A61B  19/00,0.33333334
15324,2007,US370602744,B62D  55/28,0.5
15324,2007,US370602744,B62D  55/27,0.5
15332,2007,US370602744,F02D  41/02,1
15334,2007,US370602744,F02D  41/00,0.16666667
15334,2007,US370602744,F01N   9/00,0.16666667
15334,2007,US370602744,F01N   3/20,0.16666667
15334,2007,US370602744,F01N   3/08,0.16666667
15334,2007,US370602744,F01N   3/023,0.16666667
15334,2007,US370602744,F01N   3/035,0.16666667
15336,2007,US160417150,C08G  63/00,1
15338,2007,FI01120389,H04B  10/2581,0.33333334
15338,2007,FI01120389,G02B   6/34,0.33333334
15338,2007,FI01120389,H04J  14/02,0.33333334
15358,2007,US042695240,G06F  19/00,0.25
15358,2007,US042695240,A61N   1/372,0.25
15358,2007,US042695240,A61N   1/37,0.25
15358,2007,US042695240,A61B   5/00,0.25
15362,2007,FI01120389,H04W  16/32,1
15364,2007,US*839833915,G08C  17/02,0.5
15364,2007,US*839833915,G08C  19/28,0.5
15380,2007,US221918501,A61K  31/437,0.25
15380,2007,US221918501,C07D 471/04,0.25
15380,2007,US221918501,A61P  29/00,0.25
15380,2007,US221918501,C07D 487/04,0.25
15472,2007,US361115800,H04B   1/06,1
15480,2007,US350257090,F02B  47/08,0.25
15480,2007,US350257090,F02M  25/07,0.25
15480,2007,US350257090,F02M  25/06,0.25
15480,2007,US350257090,F02B  37/00,0.25
15486,2007,US350257090,F02M  21/04,0.33333334
15486,2007,US350257090,F02M  25/07,0.33333334
15486,2007,US350257090,F16L  41/00,0.33333334
15500,2007,US*D00225910,E04D  12/00,1
15516,2007,US221024240,A61N   1/30,1
15518,2007,US941081436,H04B   1/38,0.5
15518,2007,US941081436,H04L   9/32,0.5
15526,2007,US381239739,A61K  38/18,0.25
15526,2007,US381239739,A61K  38/00,0.25
15526,2007,US381239739,A61K   9/14,0.25
15526,2007,US381239739,A61K   9/00,0.25
15544,2007,USM46560,H04W   4/06,0.5
15544,2007,USM46560,H04L  12/56,0.5
15546,2007,US*D00225910,E04B   2/00,0.2
15546,2007,US*D00225910,B32B   7/02,0.2
15546,2007,US*D00225910,E04B   9/00,0.2
15546,2007,US*D00225910,E04B   5/00,0.2
15546,2007,US*D00225910,E04B   1/76,0.2
15588,2007,USM46560,H04W  72/14,1
15590,2007,US452832612,F16L   3/10,0.5
15590,2007,US452832612,F16L   3/00,0.5
15598,2007,US591995548,H04L  12/66,1
15614,2007,US140689340,G08B  21/00,0.5
15614,2007,US140689340,G08B   1/08,0.5
15626,2007,US943134940,A61K  47/48,0.5
15626,2007,US943134940,A61P   7/00,0.5
15644,2007,US510014090,H01L  51/00,0.33333334
15644,2007,US510014090,H01B   1/12,0.33333334
15644,2007,US510014090,C08L  65/00,0.33333334
15660,2007,US140689340,G06F  15/16,0.5
15660,2007,US140689340,G06F   9/50,0.5
15684,2007,US510014090,H01L  51/52,1
15696,2007,US160417150,G03G  15/32,0.33333334
15696,2007,US160417150,G09B  21/02,0.33333334
15696,2007,US160417150,G03G  15/22,0.33333334
15776,2007,US953685934,H04B   7/08,0.5
15776,2007,US953685934,H04B   7/185,0.5
15794,2007,US361115800,H01Q  19/10,0.25
15794,2007,US361115800,H01Q   1/48,0.25
15794,2007,US361115800,H01Q   1/24,0.25
15794,2007,US361115800,H01Q   1/38,0.25
15818,2007,US541692118,C07C  41/22,1
15864,2007,SG201505572G,G06F  13/36,1
15878,2007,US361115800,H04M   1/00,0.5
15878,2007,US361115800,G08B   5/24,0.5
15886,2007,US941081436,H04H   1/00,0.5
15886,2007,US941081436,H04H  20/93,0.5
15894,2007,US361115800,H04M   3/00,1
15896,2007,US361115800,H04M   1/00,0.5
15896,2007,US361115800,H03H   7/40,0.5
15898,2007,US361115800,H04Q   5/22,1
15900,2007,US130544597,A61K   8/02,1
15902,2007,US361258310,A61F   9/04,1
15904,2007,US361115800,B32B  27/12,0.33333334
15904,2007,US361115800,B32B  27/04,0.33333334
15904,2007,US361115800,B32B   5/02,0.33333334
15908,2007,US361115800,H04W  48/12,0.5
15908,2007,US361115800,H04W  16/14,0.5
15918,2007,US361115800,H04W  16/14,0.5
15918,2007,US361115800,H04W  84/12,0.5
15920,2007,US361115800,G06F  12/00,1
15936,2007,US361115800,H04W  80/04,0.2
15936,2007,US361115800,H04W   8/06,0.2
15936,2007,US361115800,H04W   8/26,0.2
15936,2007,US361115800,H04W  88/18,0.2
15936,2007,US361115800,G06F  15/173,0.2
15956,2007,US361115800,H04L   9/00,1
15958,2007,US361115800,H04B   7/24,1
15960,2007,US361115800,G06F  17/30,1
15962,2007,US361115800,G10L  11/00,1
15964,2007,US361115800,G10L  15/00,1
15966,2007,US361115800,H04W  64/00,0.5
15966,2007,US361115800,G08B   5/22,0.5
15976,2007,US361115800,G10L  15/14,0.5
15976,2007,US361115800,G10L  15/05,0.5
15982,2007,US361115800,H04M   3/00,0.33333334
15982,2007,US361115800,H04N   7/173,0.33333334
15982,2007,US361115800,G09G   5/00,0.33333334
15984,2007,US361115800,H04W  36/24,0.5
15984,2007,US361115800,H04W  36/36,0.5
15986,2007,US361115800,H04M   1/00,0.25
15986,2007,US361115800,H04B  15/00,0.25
15986,2007,US361115800,G10L  15/20,0.25
15986,2007,US361115800,G10L  21/00,0.25
16002,2007,US860629024,G11C  16/04,0.33333334
16002,2007,US860629024,H01L  29/788,0.33333334
16002,2007,US860629024,H01L  21/336,0.33333334
16004,2007,US411276891,A61B   5/05,1
16006,2013,US411276891,A61B  18/04,0.5
16006,2013,US411276891,A61B  18/18,0.5
16008,2007,US361258310,B65D  33/25,0.5
16008,2007,US361258310,B65D  81/20,0.5
16012,2007,US361258310,B23K   9/133,1
16024,2007,US222640650,G01N  30/00,1
16044,2007,US250900168,B23B  51/00,0.5
16044,2007,US250900168,B23B  51/02,0.5
16050,2007,US140689340,C23C  24/04,0.2
16050,2007,US140689340,C23C  24/08,0.2
16050,2007,US140689340,C23C  24/10,0.2
16050,2007,US140689340,B23K   3/06,0.2
16050,2007,US140689340,B23K   1/00,0.2
16060,2007,US760207995,G01V   3/26,1
16066,2007,US941672743,H04B   7/204,0.5
16066,2007,US941672743,H04B   7/155,0.5
16080,2007,US360698440,A61P  35/00,0.2
16080,2007,US360698440,C07D 495/04,0.2
16080,2007,US360698440,C07D 213/63,0.2
16080,2007,US360698440,A61K  31/4412,0.2
16080,2007,US360698440,C07D 213/70,0.2
16090,2007,US361115800,G02F   1/1343,0.5
16090,2007,US361115800,G09G   3/36,0.5
16096,2007,US941672743,H04B   7/26,0.5
16096,2007,US941672743,H04B   7/216,0.5
16100,2007,US361115800,G06Q  20/00,1
16102,2007,US361115800,H04Q   7/32,0.33333334
16102,2007,US361115800,G06Q  20/00,0.33333334
16102,2007,US361115800,G06K  19/07,0.33333334
16114,2007,US941672743,H04B   7/04,0.5
16114,2007,US941672743,H04W  72/08,0.5
16116,2007,US941672743,H04B   1/38,0.5
16116,2007,US941672743,H04L  12/437,0.5
16120,2007,US410417775,G06F   3/03,0.5
16120,2007,US410417775,G06F   3/033,0.5
16126,2007,US941672743,H04B   1/40,1
16138,2007,US363329400,E04B   9/00,0.2
16138,2007,US363329400,E04B   9/22,0.2
16138,2007,US363329400,A44B  99/00,0.2
16138,2007,US363329400,E04B   9/18,0.2
16138,2007,US363329400,E04C   3/04,0.2
16154,2007,US133575653,H04L  12/66,1
16156,2007,US222640650,G01N  33/00,0.5
16156,2007,US222640650,G01N  27/16,0.5
16158,2007,US140689340,G01L  19/00,0.5
16158,2007,US140689340,G01L   9/00,0.5
16164,2007,US361115800,H04L  27/26,1
16190,2007,US941672743,H04L  12/66,0.33333334
16190,2007,US941672743,H04L  12/28,0.33333334
16190,2007,US941672743,H04B   7/26,0.33333334
16194,2007,US410417775,B01D  71/02,0.33333334
16194,2007,US410417775,C23C  16/56,0.33333334
16194,2007,US410417775,C23C  16/26,0.33333334
16196,2007,US410417775,G06F   3/033,0.5
16196,2007,US410417775,G06F   3/041,0.5
16208,2007,US410417775,B24D  11/00,0.5
16208,2007,US410417775,B24B  21/00,0.5
16210,2007,US410417775,C09J   7/02,0.5
16210,2007,US410417775,A47G   5/00,0.5
16218,2007,US941672743,H04L  27/26,1
16222,2007,US940890210,B01D  21/26,1
16240,2007,US561505767,H01L  21/324,0.5
16240,2007,US561505767,H01L  21/306,0.5
16246,2007,US942634797,H01L  21/306,0.33333334
16246,2007,US942634797,C23F   1/02,0.33333334
16246,2007,US942634797,H01L  21/461,0.33333334
16258,2007,US410417775,C09D   7/02,0.125
16258,2007,US410417775,C09J 201/00,0.125
16258,2007,US410417775,C08F   2/10,0.125
16258,2007,US410417775,C09C   3/10,0.125
16258,2007,US410417775,A61K   6/083,0.125
16258,2007,US410417775,C09D 151/00,0.125
16258,2007,US410417775,C09J 133/06,0.125
16258,2007,US410417775,C09B  67/00,0.125
16262,2007,US361115800,H02K   7/10,0.5
16262,2007,US361115800,H02K   7/06,0.5
16266,2007,US130871985,H01L  21/68,0.5
16266,2007,US130871985,H01L  21/027,0.5
16268,2007,US222640650,G01N  33/00,0.5
16268,2007,US222640650,G01N  27/14,0.5
16286,2007,US222640650,B65H  26/02,1
16294,2007,US361115800,G02B  27/01,0.5
16294,2007,US361115800,G06K   9/00,0.5
16296,2007,CA30100NC,A61K  36/03,0.14285715
16296,2007,CA30100NC,A61L  12/14,0.14285715
16296,2007,CA30100NC,A61K   9/08,0.14285715
16296,2007,CA30100NC,A61P  27/02,0.14285715
16296,2007,CA30100NC,A61K  31/155,0.14285715
16296,2007,CA30100NC,A61K  47/36,0.14285715
16296,2007,CA30100NC,A61K   9/00,0.14285715
16298,2007,US330956711,G06F  21/02,0.5
16298,2007,US330956711,G06F  21/00,0.5
16310,2007,US221024240,A61B  17/064,0.25
16310,2007,US221024240,A61B  17/04,0.25
16310,2007,US221024240,A61B  17/06,0.25
16310,2007,US221024240,A61B  17/00,0.25
16312,2007,US221024240,A61B   1/01,0.33333334
16312,2007,US221024240,A61B  17/34,0.33333334
16312,2007,US221024240,A61B  17/00,0.33333334
16316,2007,US951778500,H04Q   3/545,1
16330,2007,US750289970,G06K   9/00,1
16338,2007,US750289970,H01L  23/495,1
16340,2007,US760207995,E21B  33/128,1
16348,2007,US360698440,G01N  33/53,0.5
16348,2007,US360698440,C12Q   1/00,0.5
16352,2007,US750289970,H01L  21/00,0.5
16352,2007,US750289970,H01L  21/02,0.5
16362,2007,US222640650,C10G   9/04,0.5
16362,2007,US222640650,C10G   9/20,0.5
16366,2007,US750289970,G03F   9/00,1
16386,2007,US411276891,A61B  18/18,1
16400,2007,US411276891,A61B  18/14,0.5
16400,2007,US411276891,A61F   7/00,0.5
16432,2007,US760207995,E21B  17/10,0.5
16432,2007,US760207995,E21B  47/01,0.5
16446,2007,US941655526,H01L  21/00,0.5
16446,2007,US941655526,H01J  37/32,0.5
16448,2007,CA30100NC,A61B   3/107,1
16452,2007,US941655526,C23C  16/44,0.5
16452,2007,US941655526,H01L  21/00,0.5
16456,2007,US860629024,H01L  23/00,1
16458,2007,US750289970,B08B   3/00,0.33333334
16458,2007,US750289970,B05D   3/00,0.33333334
16458,2007,US750289970,B32B   7/02,0.33333334
16472,2007,US363514169,A45D   8/20,1
16480,2007,US363514169,A45D   8/20,1
16488,2007,US042695240,A61B  18/14,1
16492,2007,US030448754,G06F  15/16,0.5
16492,2007,US030448754,H04L  12/56,0.5
16500,2007,IE545333,A61B  17/16,0.2
16500,2007,IE545333,A61F   2/44,0.2
16500,2007,IE545333,A61B  17/70,0.2
16500,2007,IE545333,A61B  17/88,0.2
16500,2007,IE545333,A61F   2/46,0.2
16504,2007,IE545333,A61B  17/86,0.25
16504,2007,IE545333,A61B  17/88,0.25
16504,2007,IE545333,A61B  17/70,0.25
16504,2007,IE545333,A61F   2/44,0.25
16506,2007,US361115800,G06F  21/00,1
16516,2007,US361115800,G01S  19/36,1
16518,2007,US361115800,G02F   1/1333,0.33333334
16518,2007,US361115800,G02F   1/1343,0.33333334
16518,2007,US361115800,G02F   1/1345,0.33333334
16522,2007,US361115800,G06F   9/44,1
16528,2007,US222640650,C07C  39/04,0.33333334
16528,2007,US222640650,C07C  37/08,0.33333334
16528,2007,US222640650,C07C  27/00,0.33333334
16534,2007,US410417775,A61K   6/083,1
16538,2007,US042695240,A61L  27/58,0.083333336
16538,2007,US042695240,A61L  29/12,0.083333336
16538,2007,US042695240,A61L  27/14,0.083333336
16538,2007,US042695240,A61L  27/50,0.083333336
16538,2007,US042695240,A61L  29/14,0.083333336
16538,2007,US042695240,A61L  31/14,0.083333336
16538,2007,US042695240,A61L  29/16,0.083333336
16538,2007,US042695240,A61L  31/10,0.083333336
16538,2007,US042695240,A61L  31/12,0.083333336
16538,2007,US042695240,A61L  27/54,0.083333336
16538,2007,US042695240,A61L  31/16,0.083333336
16538,2007,US042695240,A61L  27/44,0.083333336
16564,2007,US042695240,A61B   5/026,0.33333334
16564,2007,US042695240,A61B   5/07,0.33333334
16564,2007,US042695240,A61B   5/00,0.33333334
16568,2007,US411276891,A61B  18/18,0.5
16568,2007,US411276891,A61B  18/14,0.5
16572,2007,US750289970,H04B   3/20,0.5
16572,2007,US750289970,H04M   9/08,0.5
16582,2007,US410417775,H01M   8/10,1
16586,2007,US750289970,G06F   1/00,0.5
16586,2007,US750289970,G06F   1/26,0.5
16588,2007,US222640650,C10G  69/02,0.5
16588,2007,US222640650,C10G  65/00,0.5
16592,2007,US750289970,H04J   3/10,0.5
16592,2007,US750289970,H04J   1/12,0.5
16598,2007,US411276891,A61B  18/14,1
16612,2007,US411276891,A61B  18/14,1
16624,2007,US411276891,A61N   1/04,0.5
16624,2007,US411276891,A61B  18/18,0.5
16644,2007,US411276891,A61N   7/00,0.5
16644,2007,US411276891,A61B  18/14,0.5
16666,2007,US330956711,H01L  25/065,0.5
16666,2007,US330956711,H01L  21/98,0.5
16684,2007,IE545333,A61F   2/44,1
16686,2007,US750289970,H01L  23/495,0.33333334
16686,2007,US750289970,H01L  21/00,0.33333334
16686,2007,US750289970,H01L  21/60,0.33333334
16692,2007,US750289970,H01L  21/00,1
16764,2007,US410231510,F27D   1/00,1
16774,2007,US361115800,G06F   9/445,1
16780,2007,US042695240,A61L  31/02,0.5
16780,2007,US042695240,A61L  31/14,0.5
16802,2007,US410417775,C08F   8/14,0.33333334
16802,2007,US410417775,C08F   8/12,0.33333334
16802,2007,US410417775,C08F   2/38,0.33333334
16812,2007,US591995548,G06F   3/01,0.5
16812,2007,US591995548,G06T  15/50,0.5
16832,2007,US522284372,A23B   4/00,0.25
16832,2007,US522284372,A23B   5/00,0.25
16832,2007,US522284372,A23B   7/00,0.25
16832,2007,US522284372,A23L   3/00,0.25
16868,2007,US941672743,G02B   6/42,0.5
16868,2007,US941672743,H01L  31/0232,0.5
16904,2007,US330655706,A01N  43/42,0.33333334
16904,2007,US330655706,A61K  31/44,0.33333334
16904,2007,US330655706,A61K  31/4747,0.33333334
16920,2007,US750289970,H01L  21/3205,1
16944,2007,US410417775,C09D 175/02,0.33333334
16944,2007,US410417775,C09D 175/04,0.33333334
16944,2007,US410417775,C09D 175/00,0.33333334
16958,2007,US410417775,G01N  33/543,0.5
16958,2007,US410417775,G01N  27/00,0.5
16964,2007,US410417775,C04B  35/486,1
16982,2007,US941672743,H04B  10/06,0.5
16982,2007,US941672743,H04B  10/00,0.5
17008,2007,US410417775,C23C  16/54,0.07692308
17008,2007,US410417775,C23C  14/12,0.07692308
17008,2007,US410417775,C23C  16/505,0.07692308
17008,2007,US410417775,B05D   3/04,0.07692308
17008,2007,US410417775,C23C  16/18,0.07692308
17008,2007,US410417775,C23C  14/56,0.07692308
17008,2007,US410417775,C23C  14/24,0.07692308
17008,2007,US410417775,B05D   3/14,0.07692308
17008,2007,US410417775,B05D   3/10,0.07692308
17008,2007,US410417775,C23C  14/58,0.07692308
17008,2007,US410417775,B05D   7/24,0.07692308
17008,2007,US410417775,G02B   1/10,0.07692308
17008,2007,US410417775,C23C  16/56,0.07692308
17016,2007,US410417775,B32B  15/00,0.5
17016,2007,US410417775,B32B  17/00,0.5
17020,2007,US410417775,C23C  16/56,0.2
17020,2007,US410417775,C23C  16/448,0.2
17020,2007,US410417775,C23C  28/00,0.2
17020,2007,US410417775,C23C  16/02,0.2
17020,2007,US410417775,C23C  16/18,0.2
17022,2007,US411276891,A61B  18/08,0.5
17022,2007,US411276891,A61B  19/00,0.5
17028,2007,US941672743,H04B  10/04,0.5
17028,2007,US941672743,H04B  10/00,0.5
17042,2007,US411276891,A61N   1/00,0.5
17042,2007,US411276891,A61B  18/18,0.5
17078,2007,US770422528,G06F  13/00,0.5
17078,2007,US770422528,G06F  15/177,0.5
17126,2007,US941672743,H04L   9/14,1
17156,2007,US330956711,H01L  27/04,1
17160,2007,US350257090,B01D  45/00,1
17196,2008,US220790350,C07D 487/04,0.5
17196,2008,US220790350,A61K  31/53,0.5
17200,2008,US941672743,G01R  31/08,1
17212,2008,US350257090,B01D  53/92,1
17226,2008,US02-719-4946,B65D   5/54,1
17944,2001,US221024240,A61F   2/08,0.5
17944,2001,US221024240,A61B  17/56,0.5
18038,1999,US043002117,C07K  16/28,0.1
18038,1999,US043002117,A61K  39/395,0.1
18038,1999,US043002117,C02F   1/00,0.1
18038,1999,US043002117,A61K  51/10,0.1
18038,1999,US043002117,A61P  35/00,0.1
18038,1999,US043002117,A61K  38/00,0.1
18038,1999,US043002117,A61K  51/00,0.1
18038,1999,US043002117,A61P  35/04,0.1
18038,1999,US043002117,C07K  16/00,0.1
18038,1999,US043002117,A61K  38/21,0.1
18072,2008,IE545333,A61M  39/26,0.33333334
18072,2008,IE545333,A61M  39/00,0.33333334
18072,2008,IE545333,A61M  39/10,0.33333334
18122,2007,US591995548,B01D  63/08,1
18396,2007,US310411980,B65G  47/84,1
18793,2008,US362382580,F01N   3/035,0.5
18793,2008,US362382580,F01N   3/08,0.5
19029,2008,US380549190,G01S  13/72,1
19315,2007,US112534306,G10K  11/178,1
19319,2007,US112534306,G10L  21/02,0.5
19319,2007,US112534306,G10L  21/038,0.5
19343,2006,CHCHE114934754,H01C   7/02,1
19379,2008,US930621989,B25J   7/00,0.2
19379,2008,US930621989,H01L  41/09,0.2
19379,2008,US930621989,G02B  21/32,0.2
19379,2008,US930621989,H01J  37/20,0.2
19379,2008,US930621989,G01N  23/22,0.2
19391,2008,US201979646,H01L  21/00,1
19573,2001,US953685934,H04W  36/18,0.2
19573,2001,US953685934,H04J   3/06,0.2
19573,2001,US953685934,H04W  24/08,0.2
19573,2001,US953685934,H04B   7/26,0.2
19573,2001,US953685934,H04W  56/00,0.2
19916,2007,US363853103,A61M  15/00,1
19918,2007,US363853103,A61M  15/00,1
20295,2007,US363853103,A61M  15/00,1
20537,2008,US133404508,H01T  13/38,0.5
20537,2008,US133404508,H01T  21/02,0.5
20539,2008,US270756180,B60B  35/00,0.5
20539,2008,US270756180,B60G  21/05,0.5
20746,2004,US591995548,B41C   1/10,0.33333334
20746,2004,US591995548,B65H   5/04,0.33333334
20746,2004,US591995548,B41C   1/05,0.33333334
21225,2008,US391434669,B06B   1/02,1
21436,2008,US270756180,B60N   2/14,0.25
21436,2008,US270756180,B60N   2/07,0.25
21436,2008,US270756180,B60N   2/16,0.25
21436,2008,US270756180,B60N   2/06,0.25
21740,2006,JP000000801JPN,A23L  15/00,0.16666667
21740,2006,JP000000801JPN,A23L  27/20,0.16666667
21740,2006,JP000000801JPN,A23L  27/50,0.16666667
21740,2006,JP000000801JPN,A23L  17/00,0.16666667
21740,2006,JP000000801JPN,A23L  27/00,0.16666667
21740,2006,JP000000801JPN,A23L  27/40,0.16666667
21942,2008,US220760120,A61M   5/32,0.5
21942,2008,US220760120,A61M   5/34,0.5
21946,2008,US220760120,A61M   5/50,0.33333334
21946,2008,US220760120,A61M   5/31,0.33333334
21946,2008,US220760120,A61M   5/32,0.33333334
22055,2008,US060548860,B25C   1/04,0.33333334
22055,2008,US060548860,B25C   1/14,0.33333334
22055,2008,US060548860,B25C   1/00,0.33333334
22660,2008,US362382580,F02M  35/08,1