permno_year,publn_nr,mahalanobis_distance
US0001002007,28452,7.263731605714039
US0001002008,79922,5.864188712417651
US0001002008,88734,6.532146795149595
US0001002008,267069,24.76569170730651
US0001011989,323050,2.0597226596611558
US0001011990,323694,8.6702977724247
US0001011990,324159,9.001210585001923
US0001011991,325060,7.780694072003448
US0001002002,340356,7.059334322782285
US0001001998,346883,5.09510109224865
US0001002008,371647,6.451397856499029
US0001001997,469992,8.484653577752095
US0001002002,531024,1.9957223294125723
US0001002002,531225,11.50990817385141
US0001002005,534765,17.61415720745814
US0001011986,638220,2.150077356103795
US0001002000,993119,12.268487280546259
US0001002000,996184,8.609581552754262
US0001002000,1001105,3.414990748517017
US0001002001,1024253,10.911930685923018
US0001002001,1026856,3.4960567772545543
US0001002002,1035355,1.995722329412572
US0001002003,1068274,5.334706481702028
US0001002004,1090267,26.738766854372436
US0001002004,1091753,10.825659372715505
US0001002005,1101237,11.719875309633062
US0001002005,1101603,12.39772845513042
US0001001987,1177152,15.101674691969158
US0001011988,1192361,7.874806039304979
US0001011988,1195430,10.742147169954254
US0001011988,1196150,4.844418086748422
US0001011990,1216717,3.4967315953252425
US0001011990,1218674,5.490065745514994
US0001011990,1221437,5.2844070746972704
US0001001991,1244284,5.906004479422059
US0001011992,1252124,5.827804558340397
US0001001992,1259990,9.591762453902446
US0001001993,1278762,4.874575033739498
US0001001993,1278926,13.93047776869353
US0001001994,1292387,6.094730190221376
US0001001994,1293285,9.514562765208353
US0001001995,1311948,8.229083098319638
US0001001996,1327981,29.218302047840833
US0001001996,1328172,9.817288568407312
US0001001997,1333324,4.831628432903188
US0001001997,1339139,21.25991905354487
US0001001997,1341782,29.23323583582368
US0001001998,1354474,19.516786544052486
US0001001998,1363832,5.075120679031998
US0001001998,1363873,8.61452149296276
US0001001998,1364525,11.893093821057105
US0001001999,1370984,4.3863575072543695
US0001001999,1378260,11.454431685490869
US0001011992,1474154,5.460357923985688
US0001001988,1515039,9.592596705774922
US0001001988,1529219,3.086490400826627
US0001001995,1556161,6.991143067734645
US0001001988,1570710,5.319751999592868
US0001001997,1618483,41.16700003571425
US0001001999,1634912,6.867696847479699
US0001001995,1648029,4.982128630648539
US0001011988,1652981,1.987859484071005
US0001001997,1669574,10.787079391454435
US0001001997,1687160,5.46479723737876
US0001001989,1722536,27.47016026932833
US0001002000,1765536,14.190164067742195
US0001001997,1772204,8.825540745933143
US0001001989,1835990,7.027149088382847
US0001001999,1881706,20.017251595420483
US0001001997,1903988,15.505947470830984
US0001001995,1918167,8.229083098319638
US0001011986,2039163,10.339100967681844
US0001001996,2043333,5.486473876757647
US0001001990,2199129,28.674459748187367
US0001001998,2230443,20.14874217927727
US0001001987,2239663,4.002327749503687
US0001001998,2247983,20.14874217927727
US0001002001,2249953,5.552472837148036
US0001001998,2250052,20.14874217927727
US0001001991,2300562,3.7683621925977673
US0001001987,2306337,6.747543916496354
US0001002001,2359820,8.722390949970793
US0001011987,2360543,2.596854821084472
US0001001991,2388624,6.18663842904451
US0001002001,2394668,6.21363367136522
US0001011991,2415222,6.2692508918818035
US0001002001,2518795,4.809768577734297
US0001002001,2521802,18.32066712683013
US0001002001,2526696,5.852931644681105
US0001002002,2532881,5.31799101031919
US0001002002,2534335,5.122753306757735
US0001002002,2553393,23.76081000447696
US0001002002,2553602,5.27123574857937
US0001002003,2578816,13.776403802293856
US0001002003,2592101,25.30239448904488
US0001002003,2604447,23.323993982596402
US0001002003,2606991,11.627954817492471
US0001002003,2610653,18.32598935221421
US0001002003,2632863,4.777768467647544
US0001002003,2634580,9.576980535824166
US0001002003,2639452,23.323993982596402
US0001002003,2641146,10.084872267235657
US0001002003,2641439,2.535714330324153
US0001002003,2643816,12.862302498011717
US0001002003,2648799,7.289156611358735
US0001002003,2659223,14.63366831298794
US0001002004,2686430,11.579861425275563
US0001002005,2721305,6.3987749107677585
US0001002006,2745677,15.87997601452366
US0001002006,2745678,18.152823570733435
US0001002006,2746504,3.9850643773464625
US0001002006,2755269,5.376768991226729
US0001002001,3474966,7.152095603740385
US0001002001,3476854,9.384969525989664
US0001002003,3502562,5.665879772798349
US0001001988,3699183,2.3953626235708154
US0001001995,3762884,5.11077383452351
US0001001997,3785474,8.309689668199528
US0001011986,4239050,2.9004411576522595
US0001001986,4242101,4.721923207370075
US0001011986,4255821,3.2344281082652824
US0001011987,4259359,15.704584297678736
US0001011987,4261412,5.272315146850039
US0001011987,4272045,7.478229731607539
US0001011987,4278410,9.675845371272539
US0001001988,4289856,3.463326319373886
US0001011987,4293217,14.980086782557791
US0001001989,4301837,13.262473666248566
US0001001989,4311051,9.346239408250419
US0001001989,4311052,9.346239408250419
US0001011989,4335828,19.90724722247167
US0001011990,4341487,4.023894123557059
US0001011990,4357622,2.9758816883838346
US0001011990,4361118,23.31700082981555
US0001011990,4365023,1.6979880504942897
US0001011990,4366864,7.606001349328449
US0001011992,4404052,40.147210441957284
US0001001992,4405615,6.609420863956592
US0001011992,4408386,40.147210441957284
US0001001994,4476411,7.426453522631283
US0001001994,4516259,4.2688773749934805
US0001001996,4588167,7.160087219176661
US0001001997,4616211,4.213070472336848
US0001001997,4623104,10.694054336073064
US0001001997,4624160,20.5358587098187
US0001001999,4629558,5.401436876172072
US0001001999,4637116,2.366371444053639
US0001001998,4638867,14.230973835025384
US0001001998,4646869,7.055902120221228
US0001001998,4664264,17.313135915326104
US0001001998,4678499,7.5205858234907605
US0001001999,4685130,24.755707205637258
US0001001999,4686406,8.721721877129651
US0001001999,4699949,14.949187985598172
US0001001999,4719214,4.345635322418972
US0001002001,4720019,4.921626941995692
US0001002000,4728470,9.297429929006016
US0001002000,4739109,10.695906529302208
US0001002002,4741833,8.549286892085071
US0001002000,4744021,3.8207994164668904
US0001002000,4748887,2.87635723847128
US0001002002,4752002,1.9957223294125703
US0001002001,4766883,4.478353282910235
US0001002001,4785664,9.231727755769105
US0001002002,4801907,15.44501855957757
US0001002003,4847756,4.888391104636736
US0001002004,4863398,4.964323085283078
US0001002003,4867732,5.498717116158593
US0001002003,4871403,6.559278962850196
US0001002005,4882542,3.9146391765188495
US0001002005,4886190,3.1121609977083375
US0001002003,4887058,5.6471764267430276
US0001002004,4896209,5.85395354575333
US0001002004,4911102,18.707752414913084
US0001002004,4911199,16.232563750295288
US0001002006,4931879,9.138469186345558
US0001002006,4932041,7.090797263969858
US0001002005,4939306,5.780850600509712
US0001002006,4940925,3.081214291560013
US0001002005,4943073,6.261187981764483
US0001002005,4948171,3.6530580845144804
US0001002005,4956390,6.335843342797943
US0001002005,4957831,20.601746624801244
US0001002005,4967132,11.415247280654782
US0001002006,4985327,4.724822823230818
US0001002006,5002220,9.44397668118594
US0001002006,5013715,4.726984608006485
US0001011986,5888651,11.421300851730605
US0001002002,6919501,3.4026928815612476
US0001002003,7059185,12.90190268226007
US0001002003,7067402,28.835518037015103
US0001011986,7082722,3.764285368430646
US0001011986,7087335,9.997746365716495
US0001011988,7119727,1.9878594840710064
US0001011991,7214052,22.151237038636943
US0001001997,7560389,29.23323583582368
US0001001999,7758879,20.017251595420483
US0001001999,7765642,3.034445573328766
US0001002006,8631944,1.9235290107773773
US0001002006,8642489,16.032867566351822
US0001001992,8997882,2.3478041126679146
US0001011986,10889688,21.38692382210285
US0001011986,10896757,2.150077353544996
US0001011986,10900743,2.1500773561037967
US0001011986,10901907,2.1500773535449986
US0001011986,10912518,2.1500773535449946
US0001011986,10917014,5.282139742473462
US0001011986,10925137,7.448144825104677
US0001011986,10927786,2.9370976085397564
US0001011986,10930044,3.7312286209580137
US0001011986,10931236,3.9262748331988564
US0001011986,10938355,5.597522110184671
US0001011986,10938886,24.78023444069941
US0001011986,10942629,6.470019692538271
US0001011986,10943611,6.496634051070271
US0001011986,10948317,8.414036471606764
US0001011986,10951448,7.421797217154521
US0001011987,10989781,3.030371571900106
US0001011987,10991475,17.523149383957215
US0001011986,11005769,3.3822975500551147
US0001011987,11007291,4.467333710327749
US0001011987,11008073,3.595154688743288
US0001011987,11008851,4.6023230970330165
US0001011987,11010616,10.653690421702189
US0001011987,11011471,7.724929726658494
US0001011987,11020597,9.96546706807865
US0001011987,11021669,2.1232307023899755
US0001011987,11023682,4.232390860389502
US0001011988,11049790,4.921959958919938
US0001011988,11062023,3.221155425038591
US0001011988,11063029,4.09142989261423
US0001011988,11063403,26.40349164886559
US0001011988,11064741,10.270260489892216
US0001011988,11064776,6.854806782851424
US0001011988,11066250,16.646632220865555
US0001011988,11068395,11.547623081003453
US0001011988,11068455,4.506161641357153
US0001011988,11081175,4.209381556975413
US0001011988,11082850,5.074998907049722
US0001011988,11085445,5.897462766942139
US0001011988,11089734,13.256496369332677
US0001001988,11092908,17.31208194192638
US0001011988,11099909,1.9878594840710118
US0001011988,11101104,4.9358624805604405
US0001011988,11104401,1.9878594840710133
US0001011988,11109692,24.079457759415067
US0001011989,11116347,11.048486768199961
US0001011989,11131030,6.902727059185556
US0001011989,11135294,6.170443246417698
US0001011991,11193446,11.199572823232
US0001011991,11194820,12.50630167880907
US0001011991,11199288,7.819062067224542
US0001011991,11207588,3.207998833078382
US0001011991,11212090,11.980849303376562
US0001011992,11213758,3.626204892983581
US0001011992,11224555,11.21486587109963
US0001011992,11226373,20.643504715614988
US0001011992,11228959,3.6262048929835813
US0001011992,11234227,5.483921766636882
US0001011992,11234371,5.456171834123648
US0001011992,11236796,6.076315338246651
US0001011992,11238624,19.794006860449766
US0001011992,11238650,6.193026102123339
US0001011992,11243826,8.191818517874946
US0001002003,13114655,13.722979756955153
US0001002002,13653857,8.270252173713931
US0001011992,13846128,9.924056955013068
US0001002000,13934707,20.295029697436252
US0001002000,13934981,27.35646684065393
US0001002000,13936579,3.214477661600651
US0001002000,13938226,30.76688907477322
US0001002000,13956195,8.423025637090682
US0001002000,13963047,5.466984204200166
US0001002000,13975555,10.98199437725452
US0001002000,13978843,26.490153443861686
US0001002001,14008793,29.75151155005425
US0001002001,14009086,2.7195140398802145
US0001002001,14014662,5.081221714745655
US0001002001,14022845,3.874503639017841
US0001002001,14035290,3.9168928945187815
US0001002001,14042411,5.076433626256131
US0001002001,14049578,8.52646560004869
US0001002002,14064454,6.400611639077289
US0001002002,14064473,5.078313802508962
US0001002002,14065363,3.917980634460846
US0001002002,14100569,4.062445949297605
US0001002003,14108259,4.086894477268189
US0001002003,14118858,8.517541857796783
US0001002003,14123788,20.326212264829504
US0001002003,14126606,14.055357885264286
US0001002003,14133934,4.861353806127579
US0001011989,14144651,9.643190971897981
US0001011989,14148925,8.661218935743781
US0001011989,14153440,9.090413667000302
US0001011989,14159191,10.94654419544957
US0001011989,14162037,11.766363114376729
US0001011989,14166499,2.0597226596611518
US0001011989,14171850,11.784823833654233
US0001011989,14173573,7.34274515916898
US0001011989,14174581,10.503815856398186
US0001011989,14174952,8.092054050873035
US0001001989,14176443,5.101506678772607
US0001011989,14176771,12.424004217902652
US0001011989,14178171,32.18046892247805
US0001011989,14182508,4.093278705815863
US0001011989,14183794,5.0880080593680805
US0001011989,14189372,7.6262924400003955
US0001011989,14191433,10.651201619589012
US0001011990,14194766,8.777109566449933
US0001011990,14196138,7.8868303420088095
US0001011990,14197389,2.5710446197761208
US0001011990,14197699,5.500051963107237
US0001011990,14197782,6.217109888344927
US0001011990,14202386,3.6325161693297434
US0001011990,14204143,11.36592461352507
US0001011990,14205033,5.0864414043977035
US0001011990,14206483,7.211511948351667
US0001011990,14208462,1.8753216092262257
US0001011990,14209726,7.444964065303297
US0001011990,14209975,5.715307175914231
US0001011990,14211023,17.406015753180426
US0001011990,14212338,4.88520695817988
US0001011990,14214126,6.456274886112256
US0001011990,14215429,8.400635196353331
US0001011990,14215806,1.8753216085449995
US0001011990,14217306,7.049015888193258
US0001011990,14224874,4.217253806648874
US0001011990,14227187,8.731487652095486
US0001011990,14227259,2.0372876188831173
US0001011990,14228069,6.985145713992962
US0001011990,14228828,17.07826108827465
US0001011990,14233352,3.933879112626487
US0001011990,14235002,2.142320404587458
US0001001990,14235320,2.4354004764972386
US0001011990,14241539,19.00205752817857
US0001011990,14246300,5.215735056890234
US0001011991,14254199,6.9942779574821206
US0001011991,14256133,18.274403111394157
US0001011991,14261904,10.797126212265574
US0001011991,14262846,2.0552547189472388
US0001011991,14263702,7.262725019524227
US0001011991,14270239,12.000869417619464
US0001001991,14271485,5.780102334849061
US0001011991,14271617,9.54783760062864
US0001011991,14271878,9.146353507151094
US0001011991,14275752,19.21918875680883
US0001011991,14281985,16.257710889501173
US0001011991,14284476,4.800967473136299
US0001001991,14288700,4.987784426800447
US0001011991,14289847,4.335116443889112
US0001011991,14292005,9.605832527644601
US0001011991,14301696,16.999215030600578
US0001011991,14312296,8.086464013904928
US0001011992,14313743,6.418584156682256
US0001011992,14314562,10.668275282706295
US0001011992,14315035,8.963096657667537
US0001011992,14315346,17.50312521582164
US0001011992,14317995,11.370414473852788
US0001011992,14318130,8.464571012536641
US0001011992,14319907,14.332050960421716
US0001011992,14327170,8.340648580432564
US0001011992,14327827,8.165988365371865
US0001011992,14329583,8.194042481551225
US0001011992,14337619,17.77574063428715
US0001011992,14337652,9.247696532165843
US0001011992,14340799,6.542526078739085
US0001011992,14344266,7.5295871630305005
US0001011992,14345144,9.661421041688127
US0001011992,14345512,10.966204482794534
US0001011992,14346146,7.965538527774572
US0001011992,14349285,8.819372860763796
US0001011992,14350302,6.914465875157792
US0001011992,14352144,7.8704361480712395
US0001001992,14354656,2.0380040429751354
US0001011992,14356803,20.99907203444438
US0001011992,14360395,9.342583664487746
US0001011992,14360851,15.974357143672503
US0001011992,14366119,13.368681788917772
US0001001993,14410756,4.874575033739498
US0001001994,14463907,8.411644940941388
US0001001995,14513086,4.9726646227842854
US0001001995,14517263,7.5701237406616775
US0001001996,14557476,7.669496758636119
US0001001997,14626338,3.3304618654016336
US0001001997,14654361,29.23323583582368
US0001001998,14694504,3.223781497534414
US0001001998,14710848,3.223781497535127
US0001001998,14712392,5.463513362922081
US0001001998,14716089,11.570136946374335
US0001001999,14769214,13.65018799860755
US0001001999,14781570,12.265170673600021
US0001001999,14791806,3.677394563447985
US0001001999,14822967,27.23530568656352
US0001002005,15197935,9.787337990115615
US0001002005,15199374,10.132558832240807
US0001001989,15284545,4.561422929953395
US0001011988,15424287,7.255671334841191
US0001002000,15468272,2.87635723847128
US0001011990,15493005,4.536888494429983
US0001011991,15499116,8.31520641329027
US0001001992,15509727,9.591762453902446
US0001001993,15521133,4.744409563075497
US0001001995,15528655,28.409183645451993
US0001001997,15542538,3.3304618654016322
US0001001994,15587979,8.285555410642015
US0001011991,15658797,13.578363184469609
US0001002000,15775039,8.423025637090682
US0001002000,15784225,4.564599277696412
US0001002001,15872508,2.8870452731242993
US0001002001,15894257,9.862168216503397
US0001002003,16038853,3.936736025882052
US0001002003,16046742,25.30239448904488
US0001002003,16063461,4.547345232176663
US0001002003,16071632,2.59142161045189
US0001002003,16076190,7.595896736061131
US0001002003,16077597,7.595896736061131
US0001002005,16279647,12.268895479594182
US0001002005,16279697,27.714334703800795
US0001002006,16331179,9.347601900711513
US0001002006,16354641,1.9235290107773797
US0001002006,16359806,8.502340016032239
US0001002006,16359816,6.506834498619946
US0001002007,16416624,12.421520887729882
US0001001986,16620811,14.057236671975572
US0001011986,16624589,6.3346970423723725
US0001011986,16624754,15.455802594641353
US0001011986,16627613,6.494800277222358
US0001011986,16628350,12.077507360681047
US0001011986,16630973,9.32600875668265
US0001011986,16636744,4.941923267838894
US0001011986,16637130,9.038070547124438
US0001011986,16638754,16.99353974103019
US0001011986,16639729,4.354585861955823
US0001001987,16657406,9.13239786014259
US0001011987,16657556,17.22907361478765
US0001011987,16662976,7.300200390142732
US0001011987,16666121,8.299738427255187
US0001001987,16667109,13.388442699624326
US0001011987,16672875,7.871821928169888
US0001011987,16673012,14.295514430638748
US0001011987,16673170,9.060606895443131
US0001011987,16674418,4.550473015064872
US0001011987,16678891,11.236555437076152
US0001011987,16680202,16.463867293742933
US0001011988,16702941,8.12616317562305
US0001011988,16703609,6.314991725726487
US0001011988,16713097,5.615060397859301
US0001011988,16714331,14.208609145223383
US0001011988,16716615,6.8630473405753
US0001001988,16718867,10.798924111087478
US0001011988,16719578,9.853501220531603
US0001011988,16719710,12.967210846363914
US0001011988,16730010,12.69957354451908
US0001011989,16750365,8.310615814036005
US0001011989,16755720,27.27769487820442
US0001001989,16756373,5.0530320636452455
US0001011989,16764725,12.321478937916792
US0001011989,16769567,8.525251391474336
US0001011989,16770136,9.652784855102649
US0001011989,16786429,40.13856877912545
US0001011989,16787341,7.422594015407517
US0001011990,16806360,17.23850001403383
US0001011990,16809466,4.859185959084326
US0001011990,16809608,2.581152267091836
US0001011990,16810712,10.951318017922258
US0001011990,16814376,8.013547867293429
US0001011990,16823988,4.760752009861445
US0001011990,16835686,8.840995971266619
US0001011990,16837843,2.2595425617734577
US0001001990,16859852,7.1136373291419694
US0001011990,16861111,3.2505792517401546
US0001011991,16866170,3.8642769783564033
US0001011991,16868034,7.427561339285103
US0001011991,16869964,9.234908367754468
US0001011991,16871834,7.0267509365551
US0001011991,16871970,18.337560410836364
US0001011991,16873704,11.293629133916225
US0001011991,16874868,8.331969464112362
US0001011991,16874971,13.008586381162765
US0001011991,16877192,4.169469052034478
US0001011991,16879705,6.214433322144008
US0001011991,16879825,10.233457744353032
US0001011991,16880069,6.94534679197333
US0001011991,16890308,5.987411855519659
US0001011991,16895547,9.50300372258156
US0001011991,16904165,18.496635638023825
US0001011991,16914624,7.078775319982597
US0001001991,16918562,28.501757921759253
US0001001991,16918806,7.237777668865766
US0001011992,16920572,24.71725585568345
US0001011992,16920894,8.753008621112853
US0001011992,16923977,6.182453769704972
US0001011992,16932394,10.181686930861913
US0001011992,16932462,5.325167831754477
US0001011992,16933794,7.225508706877268
US0001011992,16939610,3.6262047778515276
US0001011992,16953721,3.626204892983581
US0001011992,16957944,3.2687956041422845
US0001011992,16973993,9.63852590672005
US0001001992,16976648,1.9879148624926595
US0001011987,17051610,23.135830874209354
US0001011992,17163527,10.931756755855877
US0001001996,17191001,12.623061501210369
US0001001996,17195067,8.027503029908813
US0001001996,17204811,14.273212296928078
US0001001998,17322311,10.518225229062217
US0001001998,17334562,7.548997232070689
US0001001998,17366436,10.105902950181973
US0001011986,17555174,11.470913075100738
US0001011986,17557252,13.909442130506395
US0001011986,17558405,8.989146176194694
US0001011987,17559464,2.5082863351418525
US0001001989,17577095,5.34960832640908
US0001002000,17645472,20.295029697436252
US0001002000,17645910,2.85316870255667
US0001002000,17646292,16.398532088280014
US0001001997,17656303,7.323727831648311
US0001002001,17656964,3.473344019326754
US0001002001,17663457,20.391107077623353
US0001002001,17665453,10.528736396685925
US0001002001,17666904,4.34262795825357
US0001002002,17677678,5.878790081246187
US0001002002,17678464,7.08658147172441
US0001002003,17686217,15.65085311036709
US0001002003,17690722,12.551140704108649
US0001002003,17691620,25.30239448904488
US0001002004,17698221,8.749610995399287
US0001002004,17698513,5.701107222110487
US0001002005,17701727,20.74095579843753
US0001011987,18143740,2.508286335141851
US0001011987,18144317,5.395074627251905
US0001011987,18144837,6.409947219914984
US0001011987,18144838,11.459721297864686
US0001001987,18144888,5.528901261704093
US0001001987,18144889,4.841062888954095
US0001011987,18145225,3.1148810335540498
US0001011987,18146408,20.498622622339692
US0001011987,18146495,11.181728782306605
US0001001988,18151163,12.909992435727856
US0001011988,18154473,6.401359052857708
US0001011988,18154927,4.565363357883011
US0001011989,18158336,19.30341443245386
US0001001989,18158751,6.005432084688031
US0001011989,18160558,15.32393502578671
US0001011989,18160728,10.414807786263037
US0001011990,18168840,10.204492756018357
US0001011990,18169052,7.643460457879948
US0001011990,18169271,7.643460457879948
US0001011990,18170734,11.448056604267908
US0001011990,18171088,1.8753216092262266
US0001011990,18172000,9.585818371798295
US0001011990,18172283,3.2728524944769215
US0001001990,18180365,8.949741303972502
US0001011991,18189222,4.287525861094062
US0001001991,18195258,4.987784426800447
US0001011992,18197333,8.20819163610814
US0001011992,18197812,17.4466760802205
US0001011992,18199697,8.051603039010304
US0001011992,18202139,8.982549416059403
US0001011992,18202514,16.486623246075336
US0001001992,18206860,7.920398729055162
US0001001992,18219489,3.842770392768677
US0001001996,18264278,10.890588156310073
US0001001996,18267790,4.3367528984301424
US0001001996,18270844,13.785256630999962
US0001001997,18271274,3.3304618654016327
US0001001997,18282664,10.93263350127444
US0001001997,18283029,9.735749791675042
US0001001997,18283832,13.300090650443174
US0001001997,18284964,15.630871026260879
US0001001997,18285543,10.694054336073064
US0001001997,18286125,9.080867447338917
US0001001998,18294969,3.9163393947753815
US0001001998,18300740,9.787641488452952
US0001001998,18302088,12.811946795950131
US0001001998,18303696,7.709050851761418
US0001001998,18304105,4.853053492968963
US0001011986,20268720,4.359784041507002
US0001011986,20269551,6.393575063203698
US0001011986,20270297,2.899092568796338
US0001011986,20270960,5.5216625859978095
US0001011986,20275025,11.57419277095081
US0001011987,20301440,12.280501014940306
US0001011990,20381416,2.3452759466293402
US0001011992,20420756,17.166496325338077
US0001001993,20422754,4.596571450555967
US0001002000,21358104,8.345529282523565
US0001011986,22886121,2.150077353544993
US0001011986,22886848,2.315358277489032
US0001011986,22887952,5.047050806425498
US0001011986,22888978,2.73986616778301
US0001011986,22889263,6.731771033887063
US0001011986,22889805,8.394567187912148
US0001011986,22891696,8.435966480156733
US0001011986,22892631,3.2648008659099226
US0001011986,22893939,9.419952074777983
US0001011986,22894699,4.131979595892679
US0001011986,22895199,5.676011749777837
US0001011986,22895776,5.326413155241088
US0001011986,22898456,34.16390878018355
US0001011986,22899163,3.4031155172011975
US0001011986,22905106,3.6227944824246396
US0001001987,22929272,19.57606040808682
US0001011988,22941705,1.9878594840710058
US0001011988,22947652,11.105772165412327
US0001011988,22948464,14.342251974121396
US0001011988,22955535,5.076888257393007
US0001001989,22989327,3.6172557485167536
US0001011989,22997515,9.967024498914665
US0001011990,23011540,8.024928409205202
US0001011990,23017260,11.973524635520214
US0001011990,23027515,3.039250556275343
US0001011991,23036731,7.880597958133038
US0001011991,23036732,10.454962399876573
US0001011991,23036806,5.516893332653782
US0001011991,23038932,6.102909320550959
US0001011991,23039950,11.928862777460363
US0001011991,23042174,13.60862106554343
US0001011991,23043304,20.236188440438458
US0001011991,23052601,14.209687788669816
US0001011991,23058620,7.747308437853875
US0001011992,23065854,13.280676374561628
US0001011992,23066540,11.99982503374875
US0001011992,23069966,16.909325525629235
US0001011992,23071156,5.915869267756963
US0001011992,23074365,16.869469706616695
US0001011992,23081131,19.620312114542074
US0001011992,23087162,16.07582983313419
US0001011992,23087441,7.712668914546303
US0001001996,23760805,4.468270419575137
US0001011987,23803008,9.554569130311108
US0001011987,23803029,6.645357406711099
US0001011987,23803050,7.5268073500788715
US0001011987,23803092,2.7351642060476937
US0001011991,23803768,14.136000953120059
US0001011991,23803810,14.319503370734461
US0001011989,23809538,2.0597226596611584
US0001011989,23809559,9.709452388420491
US0001011991,23810028,7.496887407312258
US0001011991,23810050,7.515985530378181
US0001011991,23810094,7.222942846752535
US0001011990,23810116,9.14584500353006
US0001011991,23810138,6.681672928329925
US0001011991,23810160,8.92381442634158
US0001011988,23811591,8.523153053921737
US0001011988,23812246,19.353626983352353
US0001011990,23812248,4.599272756057747
US0001011990,23812314,8.335113437421853
US0001011990,23812336,6.05206813482121
US0001011990,23812358,7.481003544994309
US0001011990,23812380,7.216681037858898
US0001011990,23812402,16.985398513131745
US0001011990,23812424,23.29197542097084
US0001011988,23812928,3.6275504719827634
US0001011988,23812972,17.192455977020188
US0001011988,23812994,9.280728837903915
US0001011992,23813525,4.648897878902842
US0001011992,23813547,16.19470807345565
US0001011992,23813591,10.893510806758115
US0001011990,23814491,9.689681685924457
US0001011990,23814535,8.412776916554964
US0001011987,23814642,7.404224364087393
US0001011990,23814799,9.393992110638397
US0001011989,23817914,6.076023682657456
US0001011989,23817933,22.494473753747148
US0001011986,23820679,5.86072440915073
US0001011986,23820694,6.494286285691839
US0001011986,23820724,9.487911009872686
US0001011990,23820773,1.875321609226226
US0001011989,23823202,7.513521890033483
US0001002000,23829337,6.820502633947206
US0001002003,23838849,18.756856109276374
US0001002004,23843305,9.449986925609059
US0001011992,24060494,9.532024702224994
US0001001998,24065809,20.1219566873992
US0001001988,24456353,2.3953626235708154
US0001002001,24917853,2.719514039880215
US0001011988,24944994,7.764738617350906
US0001011992,25134023,16.39607732846318
US0001011990,25154394,19.557241076291042
US0001011986,25233605,5.85803745902414
US0001011989,25261272,22.0337193905998
US0001011992,25298614,8.641757370468204
US0001011992,25298664,12.35183473493675
US0001011992,25298719,11.370174296047365
US0001011988,25412694,15.367518293460444
US0001011989,25533723,9.366049865341282
US0001011990,25629691,3.386068084580884
US0001011990,25629800,26.221426381592096
US0001011990,25660348,17.769417359583493
US0001011987,25708881,5.251906927556849
US0001011990,25861548,3.1009786646197224
US0001011988,25950302,7.85818725015785
US0001011988,26034576,1.965235379402667
US0001011991,26072547,12.33685723532701
US0001011991,26072596,17.585445942909903
US0001011992,26088155,11.99734132513107
US0001011989,26144799,10.064134939691684
US0001011989,26144850,14.005000286815962
US0001011988,26204718,13.053700997204986
US0001011989,26288608,14.616134900283836
US0001011992,26384053,40.147210441957284
US0001011992,26384107,40.147210441957284
US0001011987,26443843,2.437151986292801
US0001011992,26458378,13.877245626255592
US0001011988,26558996,4.7771425229973685
US0001011991,26607050,14.105024147364638
US0001011992,26657885,4.347954096457791
US0001011992,26663935,10.382569980194457
US0001011989,26671809,8.005263369101348
US0001011989,26671862,2.366513668531697
US0001011988,27049005,5.654324205676225
US0001011990,27134350,1.8753216085449984
US0001011989,27148645,6.440835311481148
US0001011989,27148696,7.809509968757472
US0001011992,27153601,12.585844578595896
US0001011992,27267531,13.50530084396692
US0001011988,27275592,1.987859484071011
US0001011987,27288172,10.958328742191155
US0001011992,27328257,7.17505270592547
US0001011992,27447866,10.682927919237933
US0001011992,27453243,9.843521088841825
US0001011988,27460555,10.849315692182348
US0001011988,27501425,7.833314687187654
US0001011992,27595383,6.881896987581616
US0001011991,27606820,35.99153774557932
US0001011992,27608644,4.733770530400144
US0001011988,27910918,3.8224162655226728
US0001011989,27926149,2.059722659661154
US0001011989,27931364,7.292842951491726
US0001011990,27941813,3.2738864947419013
US0001011990,28119249,12.521702141842843
US0001011988,28207160,19.084900710303938
US0001011989,28289373,5.949078319504801
US0001011991,28351824,8.585071991923794
US0001011990,28463395,10.137715372951318
US0001011992,28471380,5.695051758955349
US0001011990,28483767,9.20460456971442
US0001011991,28820940,10.9841734858609
US0001011990,28874114,35.528102459814946
US0001011989,28927141,9.16203590505168
US0001011991,28960677,5.2728577982269655
US0001011991,28960786,6.47621268373515
US0001011991,29083734,2.0578562044212787
US0001011991,29188791,19.18924834644957
US0001011992,29222971,7.307618773121129
US0001011989,29225755,16.534392944807447
US0001011990,29384034,35.528102459814946
US0001011990,29581090,14.678285430207685
US0001011988,29612250,5.898050360656575
US0001011988,29612358,4.802481521463088
US0001011988,29637091,2.198783343406458
US0001011989,29697681,13.137528762330584
US0001011990,29723713,4.765285662944302
US0001011987,29772820,4.25447437612365
US0001011991,29778173,9.859641577554141
US0001011990,29832121,10.024436895854638
US0001011990,29836258,4.340216165532097
US0001011992,29851615,4.8064435596399875
US0001011992,29851867,4.373761590180783
US0001011992,29852035,4.43416202247824
US0001011988,30022797,8.936507754899809
US0001011990,30041400,1.8753216085449986
US0001011988,30153345,11.708600421154884
US0001011991,30210078,3.740378155563646
US0001011991,30218654,11.997739836334384
US0001011991,30239229,35.99153774557932
US0001011991,30239381,35.99153774557932
US0001011991,30239533,35.99153774557932
US0001011991,30239835,35.99153774557932
US0001011991,30239985,7.762574348838982
US0001011988,30275585,7.508590275583783
US0001011989,30367228,5.204596771282078
US0001011987,30369214,10.467045863478702
US0001011986,30515711,10.427984317281025
US0001011989,30742781,11.871675131235483
US0001011991,30750909,35.99153774557932
US0001011991,30750958,35.99153774557932
US0001011991,30751008,35.99153774557932
US0001011986,30760093,19.690752572622348
US0001011988,30775787,5.903659278742367
US0001011992,30792540,9.179596856302817
US0001011992,30875042,7.771506883596465
US0001011992,30875091,5.807286812277828
US0001011991,30949506,16.957570150657325
US0001011991,30953783,7.340865186071992
US0001011990,30984105,18.38014582828098
US0001011988,31016376,5.092650774523659
US0001011991,31282303,4.191211472159614
US0001011989,31329848,11.151790769661513
US0001011992,31331349,3.331824947405714
US0001011989,31336349,14.007524239206608
US0001011988,31419812,15.885215299431861
US0001011992,31450897,9.34335532762484
US0001011992,31450946,15.443198855457325
US0001011989,31566709,16.202284010680483
US0001011988,31593396,12.192502555994364
US0001011988,31593441,12.104737940333571
US0001011990,31617072,1.8753216092262264
US0001011992,31633707,5.4159532618631046
US0001011992,31640542,8.424275213857289
US0001011990,31688466,21.084951517807294
US0001011989,31917968,40.13856877912545
US0001011987,31941017,20.84360782540758
US0001011987,31941062,20.84360782540758
US0001011988,31969669,5.026181676663461
US0001011988,32046027,13.98190226154014
US0001011990,32059630,8.877933969881099
US0001011992,32198491,5.744001245850378
US0001011990,32292688,5.3188334578503005
US0001011992,32316527,12.787243988783725
US0001011990,32484529,9.642834715736909
US0001011992,32566169,11.61085325414545
US0001011988,32633045,8.583731003515016
US0001011988,32693472,3.692432470858645
US0001011988,32693513,5.727809739427924
US0001001994,32857230,4.025046824964545
US0001011988,32921076,4.550678812509642
US0001011991,32944441,5.024090735993056
US0001011992,33063873,7.604315813012118
US0001011988,33065802,2.6655684917376985
US0001011989,33116203,5.438312817496416
US0001011991,33138620,3.5586044258987934
US0001011986,33200587,8.840289256175899
US0001011988,33205698,1.9878594840710142
US0001011988,33346060,1.9878594840710155
US0001011992,33509810,10.337806674209048
US0001011989,33529045,5.108883535790977
US0001011992,33534275,8.949280657305502
US0001011992,33590222,17.656996609913623
US0001011988,33632461,1.9878594570839148
US0001011990,33643508,7.657564668429913
US0001011989,33812901,2.0597226596611558
US0001011986,33819263,2.474073493305887
US0001011988,33825196,9.859739155389597
US0001011991,33897717,2.05525468700836
US0001011989,33911280,8.707749091788104
US0001011992,33913858,8.862702599840711
US0001011991,33926211,17.544520703348557
US0001011988,33936059,13.425639075535164
US0001011992,33992957,7.338920732517895
US0001011992,34072919,4.802102623755052
US0001011989,34077669,11.355155538952662
US0001011992,34092753,3.6262048929835804
US0001011992,34095750,40.147210441957284
US0001011992,34095776,40.147210441957284
US0001011992,34099135,10.971937408601917
US0001011992,34099187,7.1862178820752005
US0001011988,34110868,2.4007320814448607
US0001011991,34201890,5.715324796341157
US0001001991,34208240,6.381768526839634
US0001011992,34228650,7.077641165255339
US0001011992,34269592,6.060748679219726
US0001011992,34300455,3.626204892983581
US0001011992,34328834,15.915747035369696
US0001011991,34377851,2.055254718947237
US0001011987,34378530,7.726339391236131
US0001011992,34386360,16.12730934434277
US0001011992,34398801,11.36418499237381
US0001011990,34411862,11.14067582896201
US0001011990,34453244,2.0618495806660433
US0001011990,34513970,5.386680812508645
US0001011990,34527138,4.1795294564274705
US0001011987,34540348,2.2182591341225066
US0001011986,34575238,2.4687514877542993
US0001011992,34602686,16.12730934434277
US0001011992,34631755,3.626204892983581
US0001011991,34642529,13.578363184469605
US0001011991,34642545,12.280207151726364
US0001011992,34662129,24.996127104542776
US0001011992,34690769,3.6262048929835813
US0001011988,34701737,1.98785948407101
US0001011987,34799824,16.34726218944501
US0001011992,34829251,3.287751265298459
US0001011989,34841203,13.905293480723063
US0001011987,34843732,20.84360782540758
US0001011987,34843750,20.84360782540758
US0001011987,34843768,11.182002072129514
US0001011992,34870164,8.742639059338039
US0001011990,34892144,9.934169887244513
US0001011990,34892161,9.934169887244513
US0001011989,34904115,6.6229055894236595
US0001011992,34905057,6.098559957806856
US0001011987,34909267,7.3675271049064355
US0001011987,34924876,3.073887839010413
US0001011992,34927802,2.591637306590117
US0001011991,34934661,2.0552546391000472
US0001011992,34971584,7.276664713441793
US0001011987,35013012,6.277129336087946
US0001011991,35027855,3.342009717687769
US0001011991,35027888,2.290883045599026
US0001011992,35060274,15.84073274535553
US0001011987,35076152,6.377340461441994
US0001011992,35085430,6.268753921739064
US0001011992,35085447,4.567500467991688
US0001011992,35085463,3.8821944237256556
US0001011992,35085480,4.160861780461941
US0001011992,35087802,8.332373162335772
US0001011989,35088383,11.222873867098317
US0001011992,35173345,40.147210441957284
US0001011988,35185755,3.929804538387517
US0001011988,35198630,2.2977318374954305
US0001011989,35200957,2.3639770427947657
US0001011991,35215947,4.497567616308191
US0001011991,35215963,4.624229063759733
US0001011989,35268380,9.140479638761231
US0001011987,35275341,8.168236703985455
US0001011987,35341946,9.581717381533494
US0001011987,35341960,39.24411520961992
US0001011987,35343954,2.5178240456162295
US0001011992,35366518,14.950989469740023
US0001011992,35383392,12.901340614818793
US0001011992,35383408,15.597761383156662
US0001011992,35407301,14.026064685807427
US0001011992,35407316,15.686879137250056
US0001011992,35429225,8.346143695918201
US0001011992,35458630,3.595225565371126
US0001011992,35472332,17.5916361371046
US0001011992,35496152,11.437992044575818
US0001011991,35504115,2.055254718947236
US0001011992,35516408,15.26492571844678
US0001011988,35528884,11.762274559872507
US0001011992,35536073,3.128915471888821
US0001011992,35536135,2.9351907335134544
US0001011991,35578613,8.009693827033534
US0001011988,35585489,4.860404869181592
US0001011987,35642158,3.2538188605494844
US0001011992,35644052,12.214186849423063
US0001011988,35665174,11.544653806588352
US0001011988,35665199,8.980714466395499
US0001011988,35665213,8.123168627394113
US0001011988,35665227,11.331080363933848
US0001011988,35665242,12.636002745873618
US0001011992,35668819,11.092812193376906
US0001011990,35675193,3.8138797784543104
US0001011990,35700062,15.837370839027454
US0001011989,35717631,6.735053439195319
US0001011992,35720434,4.97854553358382
US0001011992,35722018,8.949280657305502
US0001011991,35722322,5.780541697477806
US0001011991,35722337,5.489593594766324
US0001011988,35763767,1.98785947327617
US0001011992,35766462,6.8841940533585735
US0001011991,35785686,16.064287631797825
US0001011991,35785699,19.67873592894523
US0001011991,35803571,3.5712953490746435
US0001011992,35878818,15.292879046120193
US0001011991,35914480,11.461803916868163
US0001011990,35931570,19.90470416354593
US0001011992,35938360,20.07299651235159
US0001011988,35943654,6.094164586517088
US0001011991,35946640,8.976904196347856
US0001011992,35960489,3.6262048929835804
US0001011986,35975595,7.124172854796044
US0001011989,35989770,16.412314160079173
US0001011991,36006867,3.3747212911755704
US0001011992,36023654,9.467224239103263
US0001011990,36050153,16.188328007158397
US0001011989,36059942,3.9494282858036636
US0001011992,36063692,1.995321494128318
US0001011989,36141967,20.400985935109265
US0001011989,36141979,25.241182111444008
US0001011988,36172718,1.987859484071015
US0001011988,36172732,13.716052947593687
US0001011992,36178375,12.909862697724709
US0001011990,36208514,9.103532592264052
US0001011992,36224361,10.198885289172221
US0001011988,36249679,12.322288887825321
US0001011991,36267746,10.704518767073123
US0001011991,36267771,16.16006003669274
US0001011992,36268300,11.675790025022046
US0001011990,36284525,35.528102459814946
US0001011990,36284538,35.528102459814946
US0001011990,36284551,35.528102459814946
US0001011990,36284562,35.528102459814946
US0001011990,36284574,35.528102459814946
US0001011990,36284599,35.528102459814946
US0001011992,36312056,3.957261821117131
US0001011991,36312066,11.608353823240117
US0001011991,36323632,1.5704516917394902
US0001011992,36372001,14.47283402319432
US0001011991,36405373,2.055254718947238
US0001011992,36407590,8.650804652570528
US0001011992,36407604,5.761701177422212
US0001011991,36475400,1.7157953787419322
US0001011990,36542303,5.728258765988722
US0001011990,36542305,5.20482439242203
US0001011990,36557211,2.029495119325283
US0001011986,39788985,6.721609048863542
US0001011986,39796061,5.031791033450861
US0001011987,39805882,13.702100543904509
US0001001987,39807351,12.40405895873759
US0001011988,39830587,3.479746568141632
US0001011992,39919756,4.541888421304152
US0001001997,41268021,11.948686313261415
US0001002000,41298578,10.782828334212562
US0001002002,41317504,4.571770902429779
US0001002003,41320697,4.589145152497615
US0001002003,41322738,3.3305533870338206
US0001002003,41331087,3.580832892338683
US0001002002,41336987,1.9957223294125734
US0001002004,41340887,9.86898639219947
US0001002005,41348446,7.2727176117492345
US0001002005,41348449,15.413709225362755
US0001002005,41349431,3.6924099363721323
US0001002006,41356596,4.017932994789736
US0001011987,41371720,7.369034597187135
US0001011987,41371725,10.084757310015203
US0001011987,41371851,4.6024334146748975
US0001011987,41371973,14.2790305627144
US0001011987,41371976,9.216746170099125
US0001011987,41372199,14.501436515653861
US0001011987,41372202,11.920491261559535
US0001011987,41372225,11.189998819239646
US0001011987,41372276,17.15210058860902
US0001011987,41372330,14.891189612271502
US0001001986,41989877,6.034920489243988
US0001002003,42126482,8.935043397791693
US0001001986,42150727,5.932748310031871
US0001001988,42156846,2.395362623570815
US0001001988,42158061,2.395362623570816
US0001001991,42166780,8.896168690212265
US0001001993,42177571,8.640871204017941
US0001001996,42184628,6.591785922937495
US0001001997,42190945,3.6333602796286013
US0001001998,42193078,6.131029091410374
US0001001998,42194323,19.516786544052486
US0001002003,42215853,6.9948312632602025
US0001001987,42252955,8.781005284805058
US0001011987,42253376,11.86729397239621
US0001011987,42253561,6.074137347832019
US0001011988,42254501,9.351987111195163
US0001011989,42254766,10.758429330807962
US0001001990,42520279,12.114012059652078
US0001001997,42545992,16.354939314201765
US0001011992,43650633,8.982549416059403
US0001011992,43650657,10.37320244604959
US0001011991,43653141,17.01456511009479
US0001001996,43708620,17.273707414832252
US0001001996,44966422,28.08027709180905
US0001001997,44968799,25.718098038641074
US0001001998,45011477,9.69794907986303
US0001001998,45016116,14.86078136351349
US0001002001,45084918,6.314515558873111
US0001002003,45201899,13.461310895470772
US0001001987,45443590,10.319039455637961
US0001002000,45591539,5.883290633269469
US0001002001,45603624,11.634416708802158
US0001002001,45616454,18.40593971550898
US0001002001,45625976,13.594855911969232
US0001002002,45646294,9.53526952757795
US0001002002,45652614,5.776777405754528
US0001002002,45656707,2.70546300385056
US0001002002,45660908,2.5214788389311313
US0001002002,45668889,23.794671020443527
US0001002002,45673780,4.759005366017182
US0001002002,45674407,1.9957223294125728
US0001002002,45678611,14.298856948311535
US0001002002,45682838,14.907357899317931
US0001002003,45689372,4.643914492589359
US0001011987,45769898,6.881148335952321
US0001011987,46116298,12.753966427480659
US0001011987,46267424,11.462963979316216
US0001011987,46281425,19.12790037863934
US0001011987,46351652,5.447485890339469
US0001002005,46364027,7.067216212656661
US0001002005,46364115,9.962361053458688
US0001002005,46364218,12.786839385239444
US0001002005,46364635,12.069564762619262
US0001011987,46527225,5.302733465755173
US0001011987,46528037,10.879996739467641
US0001001987,46737814,4.002327749503689
US0001001987,46746062,16.592807884823916
US0001011987,46769231,14.364867391312213
US0001002002,46818686,4.342760530008516
US0001001987,46972582,19.94039883112409
US0001001990,47130442,8.949741303972502
US0001001990,47133394,6.125634216520266
US0001001990,47135896,4.483293410097961
US0001001991,47155028,2.614528228865174
US0001001991,47156120,4.3867835961557455
US0001001991,47161992,2.6145281920400456
US0001001991,47163707,4.424069973865417
US0001001994,47251731,6.2242196646800085
US0001001998,47264594,5.336208140772633
US0001001995,47279963,18.771445532307748
US0001001996,47313377,6.725024110897007
US0001001996,47324986,9.817288568407312
US0001001997,47339844,4.974060320281308
US0001001997,47345288,6.864756845735469
US0001001997,47362436,18.38361099157547
US0001001997,47365343,16.216606227852147
US0001001997,47366340,17.888358110436172
US0001001998,47384337,19.516786544052486
US0001001998,47396050,14.073726858172318
US0001001998,47396943,17.66411581761395
US0001001998,47398320,4.686642636459446
US0001001998,47410670,16.09989670119071
US0001011987,47518742,5.90064374608959
US0001011987,47656306,16.585194818170645
US0001001987,47663152,4.123128186432182
US0001011987,47935417,16.585194818170645
US0001011987,47943270,16.463867293742933
US0001002002,47946525,3.5309607296859675
US0001011987,47947555,3.7433889404284018
US0001001987,47978075,5.575945021499945
US0001011987,48050716,2.5082863351418534
US0001011987,48061267,4.550473015064872
US0001002005,48075272,4.41806703086756
US0001001987,48081103,8.362423474203695
US0001002005,48117704,27.932705875899426
US0001001999,48123479,13.721044696964428
US0001001988,48136937,14.08547572295777
US0001011988,48233102,3.472416702985097
US0001001998,48243642,9.127620622341855
US0001002002,48268973,10.214103569144644
US0001001988,48322808,2.395362623570815
US0001001998,48333682,12.189272618533291
US0001002005,48342853,8.03924451151791
US0001001999,48360244,7.817546647142955
US0001002002,48376511,5.682153451765438
US0001001998,48387061,20.1219566873992
US0001011988,48409006,4.344303091739235
US0001011988,48409934,5.142376529889813
US0001011988,48446850,13.760741248841635
US0001001998,48457991,7.594411069142924
US0001002002,48472890,4.023363279307758
US0001002005,48486042,3.9559616642643043
US0001001994,48502215,10.37158306009421
US0001011988,48503732,6.637541648967057
US0001011988,48562289,6.777652027191588
US0001011992,48574562,8.98770399579236
US0001002005,48596128,7.213269169050502
US0001011988,48638906,12.847711883105283
US0001011988,48647327,6.610039591867621
US0001001988,48704630,9.656661584651525
US0001002005,48722178,8.03924451151791
US0001002002,48732498,8.467992615254516
US0001002002,48751677,6.948234480121896
US0001002002,48751972,6.523871054214344
US0001011988,48824046,3.069233991652698
US0001011988,48828411,1.987859484071015
US0001011988,48841345,10.265581350557962
US0001002002,48893928,7.876147154577826
US0001001999,48896768,8.51702925240685
US0001001988,48907842,8.638109885731756
US0001002005,48914693,10.443172153813354
US0001001988,48950357,6.7285652551389585
US0001002005,49005003,5.69409812640593
US0001001994,49079317,8.637098105328837
US0001001999,49212398,4.1336514001956735
US0001011988,49305964,1.9878594840710135
US0001001988,49314606,17.314739128756525
US0001011988,49333905,4.185961670827415
US0001002002,49350305,11.2561789305622
US0001002002,49351263,15.949282758870805
US0001002002,49416533,13.226705456247801
US0001002002,49454611,30.182521840493532
US0001002005,49531095,14.22959438156806
US0001001994,49568377,5.704507708652058
US0001001994,49616648,18.393072478803077
US0001011989,49626978,9.575648039664308
US0001001999,49688858,27.46449642001785
US0001001989,49727818,12.39335833102333
US0001002006,49882669,6.073065967640733
US0001002003,49900898,25.381690853616533
US0001002003,49964329,8.982701463450704
US0001011989,50101240,9.087393110823765
US0001011990,50193383,1.8753216092262257
US0001001989,50302553,6.731181560732229
US0001002006,50323931,14.401063997633193
US0001001999,50330066,4.911198910265837
US0001002003,50444392,14.429768554576079
US0001001999,50445974,12.011588393283288
US0001002003,50496350,2.5357144019853886
US0001001999,50543933,4.397548805139094
US0001001999,50574588,2.997981414266326
US0001002006,50780629,10.40204314317803
US0001002003,50811690,14.990174296672022
US0001001999,50854950,8.482682279190525
US0001001999,50913485,5.6370017257458
US0001011989,50926222,15.831448954839098
US0001001999,51011354,7.774336033197905
US0001001995,51011594,3.3825328913381894
US0001002003,51023796,20.326212264829504
US0001011990,51065407,1.8753216092262264
US0001001999,51069035,15.240145065522855
US0001002003,51073825,9.835726825242753
US0001001995,51120463,4.92044357951345
US0001011990,51220191,4.928691716408047
US0001001990,51221477,4.613860422891125
US0001002000,51253481,2.876357274407848
US0001002004,51343498,3.586257746830495
US0001002000,51374106,2.876357238471281
US0001001990,51383571,23.421294520736268
US0001011990,51488356,35.528102459814946
US0001002006,51612805,6.904967036844166
US0001002000,51780915,9.400347873926174
US0001002000,51784970,13.165771600600733
US0001011990,51859451,10.293423998378588
US0001011990,51903816,9.140469910199757
US0001011990,51907392,28.896480079073143
US0001001990,51967468,2.435400476497239
US0001001990,52002654,2.5316938880171636
US0001011990,52016220,3.3282188050464696
US0001001996,52116981,14.261979101966705
US0001001996,52128379,20.8783370119197
US0001002000,52133864,16.063427625100154
US0001002003,52178404,7.842158459988614
US0001002003,52188836,2.4685422854952668
US0001001990,52232679,7.127046176509248
US0001002003,52237117,8.471169714239213
US0001002000,52238512,16.063427625100154
US0001002000,52258946,17.561458090724077
US0001001996,52335515,11.75743265427006
US0001011990,52356448,5.595198477959082
US0001011990,52376624,3.9171294659248086
US0001002003,52383654,15.948598212298277
US0001001991,52448156,6.04256131732526
US0001011991,52553833,24.923397688337264
US0001011991,52553838,6.029856659260754
US0001001996,52590361,21.151595172329365
US0001011991,52609401,4.296068179723842
US0001001996,52649427,7.482223657338651
US0001002007,52663587,16.295999955568437
US0001011991,52669977,2.0552547189472365
US0001001991,52687359,3.8866643579801874
US0001001991,52693055,10.587355669236107
US0001011991,52745879,2.4665060786077633
US0001002007,52771734,13.557045752699363
US0001002000,52797749,2.876357238471281
US0001002001,52855269,11.051518271656082
US0001011991,52926449,14.467512205335375
US0001002000,52935194,6.530643579634273
US0001001996,52980815,18.648445001261617
US0001001991,53011636,7.995157145077945
US0001002003,53122902,6.397635092433467
US0001002001,53179045,20.250665618008988
US0001002000,53187637,4.787727988937782
US0001011991,53197407,7.387620390309155
US0001011991,53219932,7.509830647741169
US0001011991,53235066,35.99153774557932
US0001011991,53246988,17.292254244631966
US0001002004,53258257,6.5065721873503355
US0001001991,53283061,3.1516226541037815
US0001011991,53317388,1.9695717056494015
US0001002004,53496111,4.4252299823970676
US0001011991,53507428,6.243267757195242
US0001011991,53508965,35.99153774557932
US0001011991,53509379,10.939624426356886
US0001011991,53513116,2.0023332612435545
US0001001997,53580044,11.331670618669103
US0001002004,53595119,11.103934550948981
US0001002007,53598512,8.082976224391812
US0001011991,53599257,12.461542879874028
US0001011986,53621021,3.469189947294033
US0001011986,53627292,14.107724657598354
US0001011986,53644209,3.3929651344436405
US0001011992,53656648,10.37320244604959
US0001002004,53657580,15.193832760085824
US0001001986,53659626,14.772000573381456
US0001011992,53667344,11.15724253468586
US0001002004,53718790,3.586257760113178
US0001011986,53734676,5.617973976238293
US0001011986,53739163,9.328741614900636
US0001011992,53755722,19.34333757813736
US0001002004,53779010,7.960832970626894
US0001011992,53824802,8.604620993235198
US0001011992,53829620,3.626204892983581
US0001002004,53883749,3.9405426098248006
US0001002004,53899424,3.6456372167652584
US0001011986,53901388,3.9649724876290655
US0001001997,53926188,6.210037159357715
US0001002004,53934121,10.602968389764925
US0001002004,53941338,7.929143219850937
US0001002004,53941544,13.702998067331107
US0001002004,53957883,11.75377116686742
US0001002004,53964483,4.230890090443153
US0001011992,53986507,7.5295871630305005
US0001011992,53988629,9.214192134585243
US0001001992,53994049,2.3724409375148325
US0001011986,54020339,3.469189947294033
US0001011986,54036587,4.632146339182783
US0001011986,54049121,8.809823885518297
US0001002001,54057009,12.601628864666743
US0001001997,54115411,20.5358587098187
US0001011986,54120982,4.3765775082244565
US0001011986,54124978,4.030531900956109
US0001001997,54127893,9.356822771928256
US0001011992,54130315,5.286568975477851
US0001002001,54145825,26.013823698560532
US0001002001,54146413,26.013823698560532
US0001011986,54174555,5.409688224354265
US0001011986,54208480,5.192624882736132
US0001011992,54233197,24.71725585568345
US0001002001,54245700,2.7195140398802153
US0001011992,54251763,9.421189247261246
US0001001986,54252162,7.0928784217658825
US0001001986,54261574,12.921973778481874
US0001011986,54265389,10.24820871062231
US0001001986,54283731,16.626800021429254
US0001002001,54286129,14.039139817986506
US0001011992,54298044,18.036856345307566
US0001002001,54303722,18.32066712683013
US0001002001,54304342,12.601628864666743
US0001001992,54355361,2.7672703217480863
US0001011992,54398190,6.879400064096858
US0001001992,54409637,2.235951266030197
US0001011992,54438173,8.193619714021137
US0001002004,54490575,8.324837542217548
US0001002004,54490712,8.972029883738143
US0001002004,54493338,7.649575442585304
US0001002004,54500271,11.686474841251632
US0001002004,54508455,6.430896476484556
US0001002004,54509778,18.41845961859265
US0001002004,54510124,28.974706019813116
US0001002004,54525890,8.889721792950413
US0001002005,54540373,8.40850827554714
US0001002005,54551288,8.40552377741021
US0001002006,54591784,8.723267600969798
US0001002006,54596962,1.9235290107773788
US0001002006,54604443,8.502340016032239
US0001002006,54627534,7.332872725910052
US0001002007,54639612,4.526480562076859
US0001002007,54643546,10.949566056866788
US0001002007,54648884,4.928368337192699
US0001002007,54651341,7.672237678477453
US0001002007,54663249,3.9743568838285666
US0001001991,54853271,18.17058766925449
US0001001994,54869144,7.426453522631283
US0001001995,54875367,9.756207330340343
US0001001998,54892834,20.14874217927727
US0001002001,54910040,3.0060499070715787
US0001002002,54910430,18.64113332436249
US0001002002,54914653,8.274812376410367
US0001002007,55302043,6.316529955223919
US0001002007,55345554,20.397215987227945
US0001002007,55469720,11.460296920934175
US0001002008,55507585,8.908727605957994
US0001002007,55508125,8.082976224391812
US0001002008,55517998,5.687832375155828
US0001002008,55517999,16.618268141142774
US0001002007,55522666,8.938635164185724
US0001002007,55585650,3.974356883828537
US0001002007,55701216,15.10807145440649
US0001002007,55728776,10.13328289636257
US0001002002,55760017,7.167780468929364
US0001002008,56453369,14.099522871072441
US0001002007,56453769,4.509599855579609
US0001002007,56468796,6.869047837769101
US0001002005,56477544,20.576202076979325
US0001002008,56499492,10.919886939439875
US0001002007,56569055,7.787911182992419
US0001002007,56571945,12.61448693409045
US0001002008,56695675,4.2891275960736985
US0001002009,57150861,26.9449774569455
US0001002004,57257566,7.087953672319407
US0001002005,57332288,7.1083085388799585
US0001002007,57484918,9.278904517030673
US0001002008,57512125,8.559392189655725
US0001002008,57810998,20.91413456710057
US0001002007,57829933,19.762253830544388
US0001002008,57846544,4.499203086926072
US0001002005,57857970,9.691155002919997
US0001002008,57867859,4.758813330048446
US0001002007,57915026,18.737885898256124
US0001002005,58024538,9.16274437732373
US0001002008,58077079,3.3264690189574853
US0001002008,266637518,6.287983550921277
US0001002008,266637520,6.287983550921277
US0001002007,266712429,3.974356883828566
US0001002007,266791919,7.528017487537513
US0001002009,266853669,11.854925700645802
US0001002009,266853909,6.494969359607621
US0001002008,267003564,9.241880390215186
US0001002009,267336175,3.163708966884423
US0001002009,267395998,9.620753989083509
US0001002007,267415616,12.632152655432636
US0001002008,267855278,9.772421715252914
US0001002009,267924838,10.67909127963604
US0001002008,273065944,6.862133345017197
US0001002008,273639281,11.161265522402973
US0001002008,273639288,11.161265522402973
US0001002008,273656175,13.019213932362057
US0001002007,273709583,15.04221797607418
US0001002008,273844796,3.1040637410753154
US0001002008,274060877,3.1040637410753154
US0001002009,274267256,6.62887707124043
US0001002008,274395699,3.4411842431986663
US0001002008,274711607,13.771153606524546
US0001002008,274939650,16.821124584494004
US0001002008,298706650,5.830150300257467
US0001002009,315433736,18.112509424097556
US0001002008,315434384,5.241190019992133
US0001002008,315434417,3.494069302001156
US0001002010,315463179,8.981700640203155
US0001002008,315663890,14.182539432346067
US0001002009,315852033,5.092732384536811
US0001002009,317611845,13.15836600701231
US0001002004,318019322,4.837427193833428
US0001002008,318285982,19.666115572046433
US0001002008,318812791,10.316169054843105
US0001002005,319030462,12.331085222962491
US0001002010,319376411,17.061524952138
US0001002004,320410837,30.35994376654375
US0001002010,320411897,8.260332579596117
US0001002001,321218959,2.7195140398802136
US0001002002,321219402,6.708455304417659
US0001002008,322443926,4.12425007832063
US0001002010,322520970,7.979714356438541
US0001002010,322521634,7.979714356438541
US0001002010,323462852,27.869436810574598
US0001002004,323783390,21.8778996896704
US0001002004,323784545,26.738766854372436
US0001002009,328377700,9.557656751551335
US0001002009,328471998,13.29025529102495
US0001002010,328594727,5.678323206943355
US0001002008,328720420,9.604190106073116
US0001002010,328721677,12.162467485145111
US0001002010,328949138,13.853892488282787
US0001002009,329268474,17.45463729815098
US0001002009,329340169,5.8774114656653
US0001002008,329873046,15.344077311294427
US0001002004,330265127,21.211691133484603
US0001002009,330382957,4.232123616883181
US0001002007,330763221,12.422399286264836
US0001002004,331433557,18.707752414913084
US0001002009,332284908,12.198862291784181
US0001002011,332330500,3.5065483717858146
US0001002008,332386802,7.285598781455969
US0001002010,333000931,6.124624804850318
US0001002010,333001042,7.339472826880675
US0001002004,333070965,7.1788977928286775
US0001002009,333477185,9.496783844471803
US0001002010,333591157,10.99814660593797
US0001002010,333805487,12.610592446775474
US0001002009,333893789,9.399806120664085
US0001002011,334312484,12.54286819702669
US0001002011,334971462,3.5065483717858137
US0001002011,335272440,14.455118496768842
US0001002009,335571544,4.36705099700696
US0001002006,337002796,13.400546947959509
US0001002009,337211584,3.1637089668844234
US0001002010,337212528,4.218729803712391
US0001002011,337604307,5.974964911279927
US0001002009,338435172,9.275067154273595
US0001002009,338938549,6.339287188508217
US0001002011,338947580,6.076248446550571
US0001002011,339335049,9.10359696652732
US0001002011,339347040,10.343165330997548
US0001002010,340482283,6.095370167810898
US0001002010,341248580,8.463079721984416
US0001002010,341248588,7.317416806545293
US0001002011,341720766,18.7562219938914
US0001001999,341742117,10.213789983436119
US0001002003,351960015,11.788399417823927
US0001002010,352892560,9.368482191778076
US0001002010,352938646,13.971950727840792
US0001002011,364317493,28.668757197358868
US0001002012,364830232,3.4439059375431045
US0001002012,365035339,4.8075881960260505
US0001002012,365388626,3.4411453813908426
US0001002010,365711348,15.540140400308257
US0001002011,365870918,11.67404755247817
US0001002011,365870919,7.556511079855575
US0001002010,375802829,10.042218059212196
US0001002010,375802830,10.017527350867747
US0001002012,378579409,5.757670440433094
US0001002011,381356522,10.030472508815283
US0001002012,404962837,5.207176709193185
US0001002011,406116971,11.298391163389915
US0001002012,406138578,20.69332617232279
US0001002009,406884671,11.485050115534225
US0001002013,408509260,29.885348634518948
US0001002013,408850711,10.419257010548755
US0001002013,410259342,16.20081920882472
US0001002012,410828897,15.338216033663945
US0001002011,413333340,3.5065483717858146
US0001002008,418555102,8.426766364057459
US0001002013,420587795,9.878762836059613
US0001002007,421165076,12.560668131552482
US0001002008,421601398,13.171894696978312
US0001002008,422615113,3.104063741075315
US0001002004,425711804,6.408503930602973
US0001002005,425777966,12.7418453600504
US0001002015,440927234,1.256516900265286e-07
