year,permno_year,publn_nr,mahalanobis_distance
1986,US000101_1986,638220,182.69780137048113
1986,US000101_1986,2039163,316.29914846288807
1986,US000101_1986,4239050,223.70773638465863
1986,US000100_1986,4242101,150.90793776527894
1986,US000101_1986,4255821,182.29839759605434
1986,US000101_1986,5888651,136.07925237214525
1986,US000101_1986,7082722,119.71159869437075
1986,US000101_1986,7087335,316.29914846288796
1986,US000101_1986,10889688,222.70720618726295
1986,US000101_1986,10896757,316.299148462888
1986,US000101_1986,10900743,182.69780137048102
1986,US000101_1986,10901907,223.70773638465877
1986,US000101_1986,10912518,316.299148462888
1986,US000101_1986,10917014,89.59956517871638
1986,US000101_1986,10925137,222.70720618726313
1986,US000101_1986,10927786,87.96283060280878
1986,US000101_1986,10930044,223.70773638465892
1986,US000101_1986,10931236,157.56051663667165
1986,US000101_1986,10938355,128.12944323725068
1986,US000101_1986,10938886,141.5809023419011
1986,US000101_1986,10942629,106.95898390808469
1986,US000101_1986,10943611,102.68461990167427
1986,US000101_1986,10948317,182.29839759605437
1986,US000101_1986,10951448,138.98598573882597
1986,US000101_1986,11005769,67.47151980818984
1986,US000100_1986,16620811,164.36798567100269
1986,US000101_1986,16624589,98.20601743160545
1986,US000101_1986,16624754,139.66323309516756
1986,US000101_1986,16627613,75.06334527958194
1986,US000101_1986,16628350,124.25299474907894
1986,US000101_1986,16630973,223.2158515939557
1986,US000101_1986,16636744,129.2742006957706
1986,US000101_1986,16637130,182.29839759605431
1986,US000101_1986,16638754,316.299148462888
1986,US000101_1986,16639729,118.38361238663448
1986,US000101_1986,17555174,139.2029039056794
1986,US000101_1986,17557252,223.7077363846588
1986,US000101_1986,17558405,98.20601743160539
1986,US000101_1986,20268720,99.23007387807839
1986,US000101_1986,20269551,139.66323309516753
1986,US000101_1986,20270297,141.27298310819995
1986,US000101_1986,20270960,156.4687609568351
1986,US000101_1986,20275025,151.95717030402585
1986,US000101_1986,22886121,223.70773638465872
1986,US000101_1986,22886848,158.25659960440206
1986,US000101_1986,22887952,69.14124486917187
1986,US000101_1986,22888978,100.0087154706538
1986,US000101_1986,22889263,223.70773638465883
1986,US000101_1986,22889805,157.20299224320993
1986,US000101_1986,22891696,315.5922997915761
1986,US000101_1986,22892631,158.25659960440208
1986,US000101_1986,22893939,119.71159869437075
1986,US000101_1986,22894699,111.01944155333724
1986,US000101_1986,22895199,83.94806725060198
1986,US000101_1986,22895776,223.70773638465883
1986,US000101_1986,22898456,312.5693533871822
1986,US000101_1986,22899163,223.7077363846588
1986,US000101_1986,22905106,69.95604487368671
1986,US000101_1986,23820679,89.11883564798639
1986,US000101_1986,23820694,155.89627148853265
1986,US000101_1986,23820724,122.58204072416007
1986,US000101_1986,25233605,106.95210992478246
1986,US000101_1986,30515711,93.40316098671413
1986,US000101_1986,30760093,222.70720618726307
1986,US000101_1986,33200587,223.21585159395568
1986,US000101_1986,33819263,182.6978013704811
1986,US000101_1986,34575238,158.2565996044021
1986,US000101_1986,35975595,118.92377551365915
1986,US000101_1986,39788985,110.9579217815525
1986,US000101_1986,39796061,182.69780137048093
1986,US000100_1986,41989877,76.93512394493781
1986,US000100_1986,42150727,93.57279057577186
1986,US000101_1986,53621021,223.21585159395582
1986,US000101_1986,53627292,121.00601130145844
1986,US000101_1986,53644209,128.42111992552245
1986,US000100_1986,53659626,171.08290859961653
1986,US000101_1986,53734676,182.69780137048107
1986,US000101_1986,53739163,315.5922997915762
1986,US000101_1986,53901388,223.7077363846586
1986,US000101_1986,54020339,223.2158515939558
1986,US000101_1986,54036587,316.29914846288807
1986,US000101_1986,54049121,92.00661652631601
1986,US000101_1986,54120982,86.20448764482548
1986,US000101_1986,54124978,126.84319589241538
1986,US000101_1986,54174555,182.69780137048107
1986,US000101_1986,54208480,157.20299224320996
1986,US000100_1986,54252162,312.687073094762
1986,US000100_1986,54261574,164.36798567100269
1986,US000101_1986,54265389,223.2158515939557
1986,US000100_1986,54283731,211.75748353016107
1987,US000100_1987,1177152,211.3060189218194
1987,US000100_1987,2239663,314.2188879657146
1987,US000100_1987,2306337,116.82634088601921
1987,US000101_1987,2360543,82.45988311303296
1987,US000101_1987,4259359,179.84129322856742
1987,US000101_1987,4261412,129.61339679797013
1987,US000101_1987,4272045,129.3678967598638
1987,US000101_1987,4278410,115.5128102863124
1987,US000101_1987,4293217,156.62111501108868
1987,US000101_1987,10989781,111.93470180429551
1987,US000101_1987,10991475,219.9378573672041
1987,US000101_1987,11007291,100.66263096651298
1987,US000101_1987,11008073,141.06772664995748
1987,US000101_1987,11008851,141.06772664995745
1987,US000101_1987,11010616,223.02185346703214
1987,US000101_1987,11011471,138.00148263097898
1987,US000101_1987,11020597,106.5767103317932
1987,US000101_1987,11021669,111.96998101519064
1987,US000101_1987,11023682,182.5877630903961
1987,US000100_1987,16657406,86.94553584856855
1987,US000101_1987,16657556,180.68561778077574
1987,US000101_1987,16662976,182.22756452770372
1987,US000101_1987,16666121,223.02185346703232
1987,US000100_1987,16667109,220.75667499400893
1987,US000101_1987,16672875,103.85263369044532
1987,US000101_1987,16673012,221.039804526576
1987,US000101_1987,16673170,108.2484392985469
1987,US000101_1987,16674418,77.13926276712044
1987,US000101_1987,16678891,179.8530363597727
1987,US000101_1987,16680202,219.93785736720494
1987,US000101_1987,17051610,312.8196843972597
1987,US000101_1987,17559464,158.5337975976216
1987,US000101_1987,18143740,316.437932272229
1987,US000101_1987,18144317,128.14827050472633
1987,US000101_1987,18144837,98.476617321946
1987,US000101_1987,18144838,179.42109811612548
1987,US000100_1987,18144888,154.05683871354088
1987,US000100_1987,18144889,136.74187211154117
1987,US000101_1987,18145225,223.90391908299338
1987,US000101_1987,18146408,217.50649809722762
1987,US000101_1987,18146495,141.06772664995734
1987,US000101_1987,20301440,123.96242032591972
1987,US000100_1987,22929272,314.2188879657141
1987,US000101_1987,23803008,115.79404587067215
1987,US000101_1987,23803029,155.9293339689858
1987,US000101_1987,23803050,126.70258954772784
1987,US000101_1987,23803092,182.58776309039612
1987,US000101_1987,23814642,95.44425752026753
1987,US000101_1987,25708881,158.53379759762163
1987,US000101_1987,26443843,141.89068176284022
1987,US000101_1987,27288172,121.39716512615676
1987,US000101_1987,29772820,158.53379759762163
1987,US000101_1987,30369214,316.43793227222903
1987,US000101_1987,31941017,149.82894381434284
1987,US000101_1987,31941062,149.82894381434284
1987,US000101_1987,34378530,87.89096100236209
1987,US000101_1987,34540348,158.2317182126964
1987,US000101_1987,34799824,177.1018232392014
1987,US000101_1987,34843732,149.82894381434284
1987,US000101_1987,34843750,149.82894381434284
1987,US000101_1987,34843768,106.57671033179321
1987,US000101_1987,34909267,141.62121226890682
1987,US000101_1987,34924876,141.89068176284022
1987,US000101_1987,35013012,158.53379759762166
1987,US000101_1987,35076152,88.97495602392065
1987,US000101_1987,35275341,128.08362408809148
1987,US000101_1987,35341946,129.1186414514852
1987,US000101_1987,35341960,315.8144188029901
1987,US000101_1987,35343954,85.2984334279502
1987,US000101_1987,35642158,182.58776309039612
1987,US000101_1987,39805882,182.58776309039607
1987,US000100_1987,39807351,167.28290002344784
1987,US000101_1987,41371720,95.23256969892125
1987,US000101_1987,41371725,115.36500133323327
1987,US000101_1987,41371851,95.4442575202675
1987,US000101_1987,41371973,178.06177677633102
1987,US000101_1987,41371976,154.83960029299638
1987,US000101_1987,41372199,125.61633439303785
1987,US000101_1987,41372202,156.27866395323474
1987,US000101_1987,41372225,180.68561778077571
1987,US000101_1987,41372276,221.28026478464412
1987,US000101_1987,41372330,315.81441880299013
1987,US000100_1987,42252955,125.10953757102536
1987,US000101_1987,42253376,90.12416919955425
1987,US000101_1987,42253561,91.3142362407882
1987,US000100_1987,45443590,220.75667499400913
1987,US000101_1987,45769898,223.9039190829933
1987,US000101_1987,46116298,223.47187196976873
1987,US000101_1987,46267424,223.9039190829934
1987,US000101_1987,46281425,176.60546472706818
1987,US000101_1987,46351652,76.36906466226772
1987,US000101_1987,46527225,182.93796841985932
1987,US000101_1987,46528037,316.43793227222915
1987,US000100_1987,46737814,314.2188879657147
1987,US000100_1987,46746062,211.30601892182202
1987,US000101_1987,46769231,178.9786280904444
1987,US000100_1987,46972582,195.57126292111903
1987,US000101_1987,47518742,95.67741174733571
1987,US000101_1987,47656306,313.6441631901939
1987,US000100_1987,47663152,179.07217759168253
1987,US000101_1987,47935417,313.6441631901939
1987,US000101_1987,47943270,219.93785736720494
1987,US000101_1987,47947555,111.31110225503174
1987,US000100_1987,47978075,220.7566749940083
1987,US000101_1987,48050716,158.53379759762166
1987,US000101_1987,48061267,77.13926276712044
1987,US000100_1987,48081103,172.053216952144
1988,US000101_1988,1192361,97.79362466973953
1988,US000101_1988,1195430,123.83994462984064
1988,US000101_1988,1196150,102.99255029671568
1988,US000100_1988,1515039,153.57328167279908
1988,US000100_1988,1529219,97.9640597620342
1988,US000100_1988,1570710,104.0393992668642
1988,US000101_1988,1652981,316.43480048659245
1988,US000100_1988,3699183,137.11336636036305
1988,US000100_1988,4289856,84.58767199005449
1988,US000101_1988,7119727,316.4348004865922
1988,US000101_1988,11049790,129.6057506869129
1988,US000101_1988,11062023,158.09967400460323
1988,US000101_1988,11063029,84.35231612849607
1988,US000101_1988,11063403,140.08351321415847
1988,US000101_1988,11064741,100.19656158493882
1988,US000101_1988,11064776,157.4303924524373
1988,US000101_1988,11066250,222.96145813032211
1988,US000101_1988,11068395,158.5275463728283
1988,US000101_1988,11068455,157.6571698482666
1988,US000101_1988,11081175,76.85523687405443
1988,US000101_1988,11082850,76.35873703318414
1988,US000101_1988,11085445,111.78330340601771
1988,US000101_1988,11089734,182.1788091623453
1988,US000100_1988,11092908,220.90738937147842
1988,US000101_1988,11099909,316.43480048659205
1988,US000101_1988,11101104,138.4628746203168
1988,US000101_1988,11104401,316.4348004865921
1988,US000101_1988,11109692,155.4813862766585
1988,US000101_1988,15424287,182.17880916234603
1988,US000101_1988,16702941,124.65509794152631
1988,US000101_1988,16703609,137.78030003133324
1988,US000101_1988,16713097,141.88369727019887
1988,US000101_1988,16714331,110.34108601876385
1988,US000101_1988,16716615,89.20773421367554
1988,US000100_1988,16718867,179.25794241394772
1988,US000101_1988,16719578,89.26472493437211
1988,US000101_1988,16719710,222.961458130322
1988,US000101_1988,16730010,139.21502112037837
1988,US000100_1988,18151163,164.4154622457864
1988,US000101_1988,18154473,222.96145813032206
1988,US000101_1988,18154927,158.09967400460317
1988,US000101_1988,22941705,316.4348004865923
1988,US000101_1988,22947652,102.2297861053222
1988,US000101_1988,22948464,80.24359538377479
1988,US000101_1988,22955535,140.7078709783997
1988,US000101_1988,23811591,85.25721447257024
1988,US000101_1988,23812246,182.1788091623458
1988,US000101_1988,23812928,69.63294997976918
1988,US000101_1988,23812972,182.1788091623458
1988,US000101_1988,23812994,127.39803913192068
1988,US000100_1988,24456353,220.9073893714785
1988,US000101_1988,24944994,158.52754637282828
1988,US000101_1988,25412694,222.62882280033818
1988,US000101_1988,25950302,103.63929543792784
1988,US000101_1988,26034576,120.06955696604899
1988,US000101_1988,26204718,157.1999103422117
1988,US000101_1988,26558996,85.71823257870344
1988,US000101_1988,27049005,84.88556775313931
1988,US000101_1988,27275592,316.4348004865921
1988,US000101_1988,27460555,124.05362378315031
1988,US000101_1988,27501425,106.89128780220975
1988,US000101_1988,27910918,158.0996740046032
1988,US000101_1988,28207160,178.68733521075538
1988,US000101_1988,29612250,157.43039245243742
1988,US000101_1988,29612358,140.91055245139347
1988,US000101_1988,29637091,75.21170049903121
1988,US000101_1988,30022797,88.60400894229952
1988,US000101_1988,30153345,123.01862237069955
1988,US000101_1988,30275585,128.16763195131225
1988,US000101_1988,30775787,110.99634487701992
1988,US000101_1988,31016376,182.4355766261185
1988,US000101_1988,31419812,127.20027550255588
1988,US000101_1988,31593396,139.2125120196044
1988,US000101_1988,31593441,139.2125120196044
1988,US000101_1988,31969669,158.09967400460323
1988,US000101_1988,32046027,118.04458904908019
1988,US000101_1988,32633045,97.84414243100889
1988,US000101_1988,32693472,111.93647372395318
1988,US000101_1988,32693513,223.89949298510945
1988,US000101_1988,32921076,158.0996740046032
1988,US000101_1988,33065802,120.06955696604898
1988,US000101_1988,33205698,316.4348004865919
1988,US000101_1988,33346060,223.89949298510956
1988,US000101_1988,33632461,120.06955696604902
1988,US000101_1988,33825196,104.26593648790777
1988,US000101_1988,33936059,156.38995807094602
1988,US000101_1988,34110868,100.65278561986368
1988,US000101_1988,34701737,223.89949298510945
1988,US000101_1988,35185755,97.79362466973959
1988,US000101_1988,35198630,106.02874248844834
1988,US000101_1988,35528884,157.88025849392847
1988,US000101_1988,35585489,129.0820458783361
1988,US000101_1988,35665174,126.59394710167244
1988,US000101_1988,35665199,104.4223860108574
1988,US000101_1988,35665213,103.782812372278
1988,US000101_1988,35665227,123.73406311406707
1988,US000101_1988,35665242,121.09451857074988
1988,US000101_1988,35763767,182.9325511525916
1988,US000101_1988,35943654,68.9377110756354
1988,US000101_1988,36172718,223.89949298510945
1988,US000101_1988,36172732,223.2840863218093
1988,US000101_1988,36249679,139.21251201960442
1988,US000101_1988,39830587,106.02874248844839
1988,US000100_1988,42156846,314.32479170266225
1988,US000100_1988,42158061,220.9073893714785
1988,US000101_1988,42254501,123.73764880245342
1988,US000100_1988,48136937,220.9073893714785
1988,US000101_1988,48233102,158.31543165251335
1988,US000100_1988,48322808,220.90738937147853
1988,US000101_1988,48409006,158.31543165251338
1988,US000101_1988,48409934,75.99474582915597
1988,US000101_1988,48446850,180.4587204807835
1988,US000101_1988,48503732,158.31543165251338
1988,US000101_1988,48562289,111.15657067652468
1988,US000101_1988,48638906,222.96145813032197
1988,US000101_1988,48647327,104.8728338279863
1988,US000100_1988,48704630,153.40077727435644
1988,US000101_1988,48824046,119.7489196229226
1988,US000101_1988,48828411,223.89949298510933
1988,US000101_1988,48841345,223.28408632180913
1988,US000100_1988,48907842,217.18535779547676
1988,US000100_1988,48950357,179.25794241394772
1988,US000101_1988,49305964,158.52754637282828
1988,US000100_1988,49314606,314.32479170266225
1988,US000101_1988,49333905,67.24261857354465
1989,US000101_1989,323050,316.4088528564169
1989,US000100_1989,1722536,305.9671415328372
1989,US000100_1989,1835990,72.21370752401332
1989,US000100_1989,4301837,215.5311589498198
1989,US000100_1989,4311051,305.9671415328373
1989,US000100_1989,4311052,305.9671415328373
1989,US000101_1989,4335828,222.23557111892055
1989,US000101_1989,11116347,83.50894608184278
1989,US000101_1989,11131030,97.42721146670854
1989,US000101_1989,11135294,158.47574630180395
1989,US000101_1989,14144651,106.67457537609322
1989,US000101_1989,14148925,138.440609493352
1989,US000101_1989,14153440,118.29901799634001
1989,US000101_1989,14159191,119.73338029758644
1989,US000101_1989,14162037,107.51382445831428
1989,US000101_1989,14166499,223.8628199722182
1989,US000101_1989,14171850,222.2355711189202
1989,US000101_1989,14173573,72.74994949904541
1989,US000101_1989,14174581,137.87913944355074
1989,US000101_1989,14174952,182.04236533150285
1989,US000100_1989,14176443,136.209404266833
1989,US000101_1989,14176771,87.56878900154686
1989,US000101_1989,14178171,315.66336202100825
1989,US000101_1989,14182508,61.11302222424211
1989,US000101_1989,14183794,120.00115711502467
1989,US000101_1989,14189372,69.65610671651393
1989,US000101_1989,14191433,223.35023876009842
1989,US000100_1989,15284545,113.3080609423482
1989,US000101_1989,16750365,105.71986494198092
1989,US000101_1989,16755720,182.47326049432885
1989,US000100_1989,16756373,153.469870874513
1989,US000101_1989,16764725,152.55559554350913
1989,US000101_1989,16769567,158.475746301804
1989,US000101_1989,16770136,182.88766353361532
1989,US000101_1989,16786429,315.6633620210081
1989,US000101_1989,16787341,111.5519233205074
1989,US000100_1989,17577095,115.51803303087608
1989,US000101_1989,18158336,316.4088528564171
1989,US000100_1989,18158751,136.2094042668342
1989,US000101_1989,18160558,175.5363831637856
1989,US000101_1989,18160728,135.74740683380347
1989,US000100_1989,22989327,313.93152321205287
1989,US000101_1989,22997515,124.71516478521424
1989,US000101_1989,23809538,316.40885285641707
1989,US000101_1989,23809559,156.1686558517831
1989,US000101_1989,23817914,316.40885285641707
1989,US000101_1989,23817933,218.16703812182396
1989,US000101_1989,23823202,81.03993503597833
1989,US000101_1989,25261272,109.3321568565134
1989,US000101_1989,25533723,316.408852856417
1989,US000101_1989,26144799,97.42721146670847
1989,US000101_1989,26144850,115.7882441707561
1989,US000101_1989,26288608,136.1913886960674
1989,US000101_1989,26671809,127.38342933106354
1989,US000101_1989,26671862,182.88766353361544
1989,US000101_1989,27148645,139.79629338255907
1989,US000101_1989,27148696,139.4295897579978
1989,US000101_1989,27926149,316.40885285641696
1989,US000101_1989,27931364,98.94478050768858
1989,US000101_1989,28289373,86.73931591067799
1989,US000101_1989,28927141,182.04236533150285
1989,US000101_1989,29225755,127.38342933106351
1989,US000101_1989,29697681,314.83519815712015
1989,US000101_1989,30367228,182.88766353361538
1989,US000101_1989,30742781,116.77729970883838
1989,US000101_1989,31329848,135.96439618256278
1989,US000101_1989,31336349,153.27955229608006
1989,US000101_1989,31566709,155.745040971137
1989,US000101_1989,31917968,315.6633620210081
1989,US000101_1989,33116203,95.9451498794989
1989,US000101_1989,33529045,129.54238616262805
1989,US000101_1989,33812901,316.408852856417
1989,US000101_1989,33911280,125.92456755403119
1989,US000101_1989,34077669,114.03878781035205
1989,US000101_1989,34841203,155.74504097113697
1989,US000101_1989,34904115,90.77373737292234
1989,US000101_1989,35088383,125.59317236805855
1989,US000101_1989,35200957,158.4757463018039
1989,US000101_1989,35268380,223.35023876009842
1989,US000101_1989,35717631,86.84538460275337
1989,US000101_1989,35989770,178.55371472863075
1989,US000101_1989,36059942,158.1187462401648
1989,US000101_1989,36141967,218.61421003798444
1989,US000101_1989,36141979,215.32920198295292
1989,US000101_1989,42254766,154.006502046489
1989,US000101_1989,49626978,182.88766353361535
1989,US000100_1989,49727818,220.3474557743743
1989,US000101_1989,50101240,105.92617687985404
1989,US000100_1989,50302553,100.86741684222774
1989,US000101_1989,50926222,158.1187462401648
1990,US000101_1990,323694,158.01576565062226
1990,US000101_1990,324159,182.94530752220712
1990,US000101_1990,1216717,88.90648834343912
1990,US000101_1990,1218674,86.8112626279455
1990,US000101_1990,1221437,59.78708765106944
1990,US000100_1990,2199129,313.95155603649494
1990,US000101_1990,4341487,99.9016183058533
1990,US000101_1990,4357622,223.66357348412217
1990,US000101_1990,4361118,222.59859321575496
1990,US000101_1990,4365023,69.22880152807812
1990,US000101_1990,4366864,128.14633623146815
1990,US000101_1990,14194766,122.88998412465018
1990,US000101_1990,14196138,141.58997071702117
1990,US000101_1990,14197389,119.56203117574493
1990,US000101_1990,14197699,141.9001438460211
1990,US000101_1990,14197782,90.8220804853581
1990,US000101_1990,14202386,78.79350178806796
1990,US000101_1990,14204143,315.31374792043016
1990,US000101_1990,14205033,141.5899707170211
1990,US000101_1990,14206483,316.4421751769348
1990,US000101_1990,14208462,141.900143846021
1990,US000101_1990,14209726,126.67362958821411
1990,US000101_1990,14209975,119.29065007812353
1990,US000101_1990,14211023,221.40482350038553
1990,US000101_1990,14212338,223.66357348412217
1990,US000101_1990,14214126,182.94530752220723
1990,US000101_1990,14215429,114.73771360808225
1990,US000101_1990,14215806,182.94530752220723
1990,US000101_1990,14217306,87.80136280396795
1990,US000101_1990,14224874,128.1463362314682
1990,US000101_1990,14227187,89.788243930195
1990,US000101_1990,14227259,82.12149753332947
1990,US000101_1990,14228069,128.1463362314682
1990,US000101_1990,14228828,139.9711090921388
1990,US000101_1990,14233352,50.25929626806821
1990,US000101_1990,14235002,112.4084081851081
1990,US000100_1990,14235320,220.37599582925654
1990,US000101_1990,14241539,314.89322112651234
1990,US000101_1990,14246300,64.61842790292815
1990,US000101_1990,15493005,316.0881433829309
1990,US000101_1990,16806360,156.0698200953754
1990,US000101_1990,16809466,63.915153329770746
1990,US000101_1990,16809608,158.01576565062226
1990,US000101_1990,16810712,90.82883197872229
1990,US000101_1990,16814376,118.44446566465675
1990,US000101_1990,16823988,120.08899110227343
1990,US000101_1990,16835686,94.34357527553846
1990,US000101_1990,16837843,158.36966286468225
1990,US000100_1990,16859852,103.26747542203692
1990,US000101_1990,16861111,158.54226638568622
1990,US000101_1990,18168840,158.19416583328007
1990,US000101_1990,18169052,222.87683636089517
1990,US000101_1990,18169271,222.87683636089517
1990,US000101_1990,18170734,90.60488176841254
1990,US000101_1990,18171088,141.9001438460211
1990,US000101_1990,18172000,114.6805646648329
1990,US000101_1990,18172283,141.43172429914705
1990,US000100_1990,18180365,210.33883230016315
1990,US000101_1990,20381416,81.57541667741182
1990,US000101_1990,23011540,116.68810668763794
1990,US000101_1990,23017260,106.3145145671354
1990,US000101_1990,23027515,87.80136280396802
1990,US000101_1990,23810116,97.46586677793712
1990,US000101_1990,23812248,119.4270027498838
1990,US000101_1990,23812314,115.43692875849064
1990,US000101_1990,23812336,83.7370506381742
1990,US000101_1990,23812358,106.50457921566654
1990,US000101_1990,23812380,78.8605236740943
1990,US000101_1990,23812402,157.46304671716797
1990,US000101_1990,23812424,220.42372786584852
1990,US000101_1990,23814491,118.29871224934665
1990,US000101_1990,23814535,156.48282529819525
1990,US000101_1990,23814799,222.87683636089523
1990,US000101_1990,23820773,158.54226638568625
1990,US000101_1990,25154394,222.87683636089517
1990,US000101_1990,25629691,141.27136190499948
1990,US000101_1990,25629800,180.9864495397571
1990,US000101_1990,25660348,179.99914766003948
1990,US000101_1990,25861548,85.03925322700142
1990,US000101_1990,27134350,129.62375509264325
1990,US000101_1990,27941813,129.4833820984025
1990,US000101_1990,28119249,152.90599173640612
1990,US000101_1990,28463395,138.41149261250462
1990,US000101_1990,28483767,110.19717567431198
1990,US000101_1990,28874114,312.4535657768313
1990,US000101_1990,29384034,312.4535657768313
1990,US000101_1990,29581090,91.32370477026105
1990,US000101_1990,29723713,141.9001438460211
1990,US000101_1990,29832121,156.68482281839937
1990,US000101_1990,29836258,141.74610824549666
1990,US000101_1990,30041400,129.62375509264325
1990,US000101_1990,30984105,221.40482350038562
1990,US000101_1990,31617072,158.54226638568616
1990,US000101_1990,31688466,127.50881759311781
1990,US000101_1990,32059630,100.64745493518869
1990,US000101_1990,32292688,61.277544787831935
1990,US000101_1990,32484529,107.97101792347121
1990,US000101_1990,33643508,140.60860633812308
1990,US000101_1990,34411862,140.7775060773734
1990,US000101_1990,34453244,129.48338209840247
1990,US000101_1990,34513970,141.27136190499954
1990,US000101_1990,34527138,158.54226638568625
1990,US000101_1990,34892144,118.00311282444171
1990,US000101_1990,34892161,118.00311282444171
1990,US000101_1990,35675193,158.54226638568625
1990,US000101_1990,35700062,155.64472135766061
1990,US000101_1990,35931570,179.99914766003945
1990,US000101_1990,36050153,99.08736508426125
1990,US000101_1990,36208514,106.33536277188428
1990,US000101_1990,36284525,312.4535657768313
1990,US000101_1990,36284538,312.4535657768313
1990,US000101_1990,36284551,312.4535657768313
1990,US000101_1990,36284562,312.4535657768313
1990,US000101_1990,36284574,312.4535657768313
1990,US000101_1990,36284599,312.4535657768313
1990,US000101_1990,36542303,84.37980329641934
1990,US000101_1990,36542305,74.62230046014282
1990,US000101_1990,36557211,158.3696628646824
1990,US000100_1990,42520279,150.83606717245598
1990,US000100_1990,47130442,210.33883230016315
1990,US000100_1990,47133394,121.00874964917625
1990,US000100_1990,47135896,136.25556901755772
1990,US000101_1990,50193383,316.44217517693477
1990,US000101_1990,51065407,316.44217517693477
1990,US000101_1990,51220191,223.40929789797997
1990,US000100_1990,51221477,220.37599582925705
1990,US000100_1990,51383571,306.98929032361366
1990,US000101_1990,51488356,312.4535657768313
1990,US000101_1990,51859451,89.82265523131966
1990,US000101_1990,51903816,68.91869264560685
1990,US000101_1990,51907392,313.4972373360296
1990,US000100_1990,51967468,220.37599582925685
1990,US000100_1990,52002654,52.27089402130777
1990,US000101_1990,52016220,182.94530752220712
1990,US000100_1990,52232679,220.37599582925705
1990,US000101_1990,52356448,316.44217517693477
1990,US000101_1990,52376624,223.9099154363421
1991,US000101_1991,325060,128.20706383635434
1991,US000100_1991,1244284,83.80232653460504
1991,US000100_1991,2300562,81.66978592222134
1991,US000100_1991,2388624,97.30100782836642
1991,US000101_1991,2415222,316.42729069387525
1991,US000101_1991,7214052,312.69803483372596
1991,US000101_1991,11193446,136.07067070969708
1991,US000101_1991,11194820,99.4656281698369
1991,US000101_1991,11199288,223.88887934836407
1991,US000101_1991,11207588,129.58741431416541
1991,US000101_1991,11212090,221.22273464989325
1991,US000101_1991,14254199,158.11495131581972
1991,US000101_1991,14256133,156.30939792256632
1991,US000101_1991,14261904,90.81270444283217
1991,US000101_1991,14262846,223.88887934836407
1991,US000101_1991,14263702,81.81631791008508
1991,US000101_1991,14270239,65.85729307274157
1991,US000100_1991,14271485,222.92583708341886
1991,US000101_1991,14271617,157.4170694066585
1991,US000101_1991,14271878,81.59618284200597
1991,US000101_1991,14275752,316.0190363803701
1991,US000101_1991,14281985,156.6877536090608
1991,US000101_1991,14284476,316.42729069387525
1991,US000100_1991,14288700,58.80272579169809
1991,US000101_1991,14289847,223.8888793483641
1991,US000101_1991,14292005,117.10108106176908
1991,US000101_1991,14301696,181.43183753978408
1991,US000101_1991,14312296,223.60755315866234
1991,US000101_1991,15499116,158.31641043747064
1991,US000101_1991,15658797,153.85475706199207
1991,US000101_1991,16866170,112.22904478165906
1991,US000101_1991,16868034,110.28079076820102
1991,US000101_1991,16869964,316.0190363803701
1991,US000101_1991,16871834,223.00069701995875
1991,US000101_1991,16871970,103.15346566348379
1991,US000101_1991,16873704,126.88776565664912
1991,US000101_1991,16874868,181.43183753978386
1991,US000101_1991,16874971,157.25555911123612
1991,US000101_1991,16877192,111.9482570631292
1991,US000101_1991,16879705,158.51255564107962
1991,US000101_1991,16879825,181.3820678505821
1991,US000101_1991,16880069,141.33078307698298
1991,US000101_1991,16890308,223.8888793483641
1991,US000101_1991,16895547,86.52129337031484
1991,US000101_1991,16904165,156.16212718740283
1991,US000101_1991,16914624,157.69600931785735
1991,US000100_1991,16918562,315.74662126354264
1991,US000100_1991,16918806,179.3827054820356
1991,US000101_1991,18189222,96.00593690664773
1991,US000100_1991,18195258,58.80272579169809
1991,US000101_1991,23036731,91.80960814783795
1991,US000101_1991,23036732,84.42551340451456
1991,US000101_1991,23036806,141.86694783583846
1991,US000101_1991,23038932,53.48714904949113
1991,US000101_1991,23039950,110.26125963583443
1991,US000101_1991,23042174,180.27514795383317
1991,US000101_1991,23043304,181.19741853312138
1991,US000101_1991,23052601,139.28944352351047
1991,US000101_1991,23058620,119.44682977676986
1991,US000101_1991,23803768,156.05911820667396
1991,US000101_1991,23803810,221.6084133154405
1991,US000101_1991,23810028,157.20956682069698
1991,US000101_1991,23810050,182.45625132086977
1991,US000101_1991,23810094,92.33840360371293
1991,US000101_1991,23810138,156.0945935853718
1991,US000101_1991,23810160,223.31151191727184
1991,US000101_1991,26072547,115.00092960994176
1991,US000101_1991,26072596,135.46168115869546
1991,US000101_1991,26607050,181.4318375397841
1991,US000101_1991,27606820,311.25363065008526
1991,US000101_1991,28351824,156.55415638124964
1991,US000101_1991,28820940,157.25555911123618
1991,US000101_1991,28960677,127.67119818668132
1991,US000101_1991,28960786,126.47015391342951
1991,US000101_1991,29083734,95.40941915014389
1991,US000101_1991,29188791,153.24640525305878
1991,US000101_1991,29778173,158.14680799714267
1991,US000101_1991,30210078,141.86694783583846
1991,US000101_1991,30218654,100.63452858695565
1991,US000101_1991,30239229,311.25363065008526
1991,US000101_1991,30239381,311.25363065008526
1991,US000101_1991,30239533,311.25363065008526
1991,US000101_1991,30239835,311.25363065008526
1991,US000101_1991,30239985,129.5874143141654
1991,US000101_1991,30750909,311.25363065008526
1991,US000101_1991,30750958,311.25363065008526
1991,US000101_1991,30751008,311.25363065008526
1991,US000101_1991,30949506,220.8218598581287
1991,US000101_1991,30953783,158.31641043747072
1991,US000101_1991,31282303,69.35707796012463
1991,US000101_1991,32944441,103.41802381346051
1991,US000101_1991,33138620,158.31641043747072
1991,US000101_1991,33897717,129.58741431416553
1991,US000101_1991,33926211,121.62218624625184
1991,US000101_1991,34201890,82.40157771551209
1991,US000100_1991,34208240,110.4351793557787
1991,US000101_1991,34377851,158.5125556410796
1991,US000101_1991,34642529,153.8547570619921
1991,US000101_1991,34642545,154.1502312395381
1991,US000101_1991,34934661,120.04976404747367
1991,US000101_1991,35027855,128.4101690037302
1991,US000101_1991,35027888,182.91956048686683
1991,US000101_1991,35215947,99.3379667837214
1991,US000101_1991,35215963,118.63921539880589
1991,US000101_1991,35504115,158.51255564107967
1991,US000101_1991,35578613,96.13689960240157
1991,US000101_1991,35722322,139.94347774089738
1991,US000101_1991,35722337,127.67119818668138
1991,US000101_1991,35785686,89.15398609241447
1991,US000101_1991,35785699,97.64810161632919
1991,US000101_1991,35803571,223.8888793483641
1991,US000101_1991,35914480,87.46645998240203
1991,US000101_1991,35946640,116.04842446056084
1991,US000101_1991,36006867,119.92496361279007
1991,US000101_1991,36267746,94.91356326146644
1991,US000101_1991,36267771,112.45748994574343
1991,US000101_1991,36312066,89.43526135864514
1991,US000101_1991,36323632,158.31641043747075
1991,US000101_1991,36405373,223.88887934836407
1991,US000101_1991,36475400,223.60755315866245
1991,US000100_1991,42166780,217.5349771613496
1991,US000101_1991,43653141,139.72947878636273
1991,US000100_1991,47155028,222.92583708341888
1991,US000100_1991,47156120,157.1493838338001
1991,US000100_1991,47161992,181.73955026012746
1991,US000100_1991,47163707,153.9982395702081
1991,US000100_1991,52448156,98.09829429551336
1991,US000101_1991,52553833,223.00069701995872
1991,US000101_1991,52553838,157.90815793764855
1991,US000101_1991,52609401,182.2124218015284
1991,US000101_1991,52669977,316.4272906938754
1991,US000100_1991,52687359,87.81812308905586
1991,US000100_1991,52693055,88.08163352869967
1991,US000101_1991,52745879,96.00593690664772
1991,US000101_1991,52926449,138.56518451953625
1991,US000100_1991,53011636,127.13144976525767
1991,US000101_1991,53197407,316.4272906938753
1991,US000101_1991,53219932,92.21306687684425
1991,US000101_1991,53235066,311.25363065008526
1991,US000101_1991,53246988,180.26452931962393
1991,US000100_1991,53283061,181.73955026012737
1991,US000101_1991,53317388,141.51335638113855
1991,US000101_1991,53507428,111.9482570631292
1991,US000101_1991,53508965,311.25363065008526
1991,US000101_1991,53509379,108.58350651718895
1991,US000101_1991,53513116,141.69207310910593
1991,US000101_1991,53599257,124.45377551719797
1991,US000100_1991,54853271,315.74662126354264
1992,US000101_1992,1252124,106.80212488964719
1992,US000100_1992,1259990,207.6549101790015
1992,US000101_1992,1474154,127.580623462396
1992,US000101_1992,4404052,314.7278823595119
1992,US000100_1992,4405615,177.64320581397757
1992,US000101_1992,4408386,314.7278823595119
1992,US000100_1992,8997882,122.0263943243004
1992,US000101_1992,11213758,224.2193461068142
1992,US000101_1992,11224555,155.70710582305415
1992,US000101_1992,11226373,222.93055861948955
1992,US000101_1992,11228959,142.38790595519427
1992,US000101_1992,11234227,158.2266660743112
1992,US000101_1992,11234371,130.15753080028728
1992,US000101_1992,11236796,92.69894565101688
1992,US000101_1992,11238624,111.40766471073333
1992,US000101_1992,11238650,183.32389501673038
1992,US000101_1992,11243826,93.25081906301185
1992,US000101_1992,13846128,124.32581307996966
1992,US000101_1992,14313743,99.3929337861245
1992,US000101_1992,14314562,181.00701845388247
1992,US000101_1992,14315035,157.96630011166098
1992,US000101_1992,14315346,182.13938923935643
1992,US000101_1992,14317995,123.91765189934746
1992,US000101_1992,14318130,104.62834195689244
1992,US000101_1992,14319907,181.98314571786224
1992,US000101_1992,14327170,224.2193461068144
1992,US000101_1992,14327827,107.82365278572338
1992,US000101_1992,14329583,115.4961273296031
1992,US000101_1992,14337619,316.4120947202658
1992,US000101_1992,14337652,71.64240496015668
1992,US000101_1992,14340799,183.32389501673038
1992,US000101_1992,14344266,315.8868943556703
1992,US000101_1992,14345144,182.4463956242406
1992,US000101_1992,14345512,102.76957181428283
1992,US000101_1992,14346146,157.56667408957614
1992,US000101_1992,14349285,105.25008910516512
1992,US000101_1992,14350302,183.0386133090135
1992,US000101_1992,14352144,56.302907161793996
1992,US000100_1992,14354656,122.02639432430034
1992,US000101_1992,14356803,315.6107536972967
1992,US000101_1992,14360395,120.19964298288802
1992,US000101_1992,14360851,223.50246524583892
1992,US000101_1992,14366119,140.65749397557403
1992,US000100_1992,15509727,207.6549101790015
1992,US000101_1992,16920572,315.0312727393772
1992,US000101_1992,16920894,107.03281465622679
1992,US000101_1992,16923977,142.38790595519427
1992,US000101_1992,16932394,105.73746022330248
1992,US000101_1992,16932462,179.96381638663343
1992,US000101_1992,16933794,83.9001452817237
1992,US000101_1992,16939610,120.66495234573502
1992,US000101_1992,16953721,113.02351599807592
1992,US000101_1992,16957944,142.168570351308
1992,US000101_1992,16973993,157.29416948270134
1992,US000100_1992,16976648,90.68502414716137
1992,US000101_1992,17163527,316.6611993417681
1992,US000101_1992,18197333,180.4262468892217
1992,US000101_1992,18197812,180.4938727067148
1992,US000101_1992,18199697,82.25354616707588
1992,US000101_1992,18202139,78.85082220654915
1992,US000101_1992,18202514,316.6611993417683
1992,US000100_1992,18206860,149.03530603322966
1992,US000100_1992,18219489,132.0179279200373
1992,US000101_1992,20420756,223.68656163701831
1992,US000101_1992,23065854,128.48381007896825
1992,US000101_1992,23066540,134.54789301720558
1992,US000101_1992,23069966,140.41169811494225
1992,US000101_1992,23071156,72.73941968707413
1992,US000101_1992,23074365,157.156081544424
1992,US000101_1992,23081131,175.98615826146693
1992,US000101_1992,23087162,181.82506904926692
1992,US000101_1992,23087441,87.15049207912975
1992,US000101_1992,23813525,70.66804708930994
1992,US000101_1992,23813547,176.63311972763907
1992,US000101_1992,23813591,111.33336101539274
1992,US000101_1992,24060494,110.44470999734521
1992,US000101_1992,25134023,91.90805298864836
1992,US000101_1992,25298614,65.36729147012015
1992,US000101_1992,25298664,74.94086665724583
1992,US000101_1992,25298719,65.4684794263703
1992,US000101_1992,26088155,181.33979194343928
1992,US000101_1992,26384053,314.7278823595119
1992,US000101_1992,26384107,314.7278823595119
1992,US000101_1992,26458378,80.15960660417484
1992,US000101_1992,26657885,61.092965276625556
1992,US000101_1992,26663935,141.94576214941463
1992,US000101_1992,27153601,140.77904609565365
1992,US000101_1992,27267531,118.20016683422493
1992,US000101_1992,27328257,127.81064384711453
1992,US000101_1992,27447866,128.59355998517782
1992,US000101_1992,27453243,140.89970411065192
1992,US000101_1992,27595383,102.76957181428297
1992,US000101_1992,27608644,77.54377040592128
1992,US000101_1992,28471380,141.37344065089462
1992,US000101_1992,29222971,224.21934610681424
1992,US000101_1992,29851615,120.0097047487196
1992,US000101_1992,29851867,223.31510478960803
1992,US000101_1992,29852035,120.38739641716684
1992,US000101_1992,30792540,112.58953473158267
1992,US000101_1992,30875042,157.43103260053408
1992,US000101_1992,30875091,94.29218869922944
1992,US000101_1992,31331349,182.89327214486534
1992,US000101_1992,31450897,181.82506904926674
1992,US000101_1992,31450946,98.8227947608236
1992,US000101_1992,31633707,224.2193461068142
1992,US000101_1992,31640542,183.0386133090135
1992,US000101_1992,32198491,119.12766277527068
1992,US000101_1992,32316527,128.70261627505658
1992,US000101_1992,32566169,141.13834698076826
1992,US000101_1992,33063873,82.36067648205044
1992,US000101_1992,33509810,105.73746022330279
1992,US000101_1992,33534275,119.52523201636151
1992,US000101_1992,33590222,180.31907348569686
1992,US000101_1992,33913858,111.7796433667515
1992,US000101_1992,33992957,223.86740201571624
1992,US000101_1992,34072919,120.66495234573499
1992,US000101_1992,34092753,142.38790595519427
1992,US000101_1992,34095750,314.7278823595119
1992,US000101_1992,34095776,314.7278823595119
1992,US000101_1992,34099135,112.16511449397794
1992,US000101_1992,34099187,99.95123655154097
1992,US000101_1992,34228650,120.48045703092694
1992,US000101_1992,34269592,100.17823191159258
1992,US000101_1992,34300455,142.38790595519427
1992,US000101_1992,34328834,157.70109710206083
1992,US000101_1992,34386360,222.1219240683186
1992,US000101_1992,34398801,82.04279793047553
1992,US000101_1992,34602686,222.1219240683186
1992,US000101_1992,34631755,158.97897712769227
1992,US000101_1992,34662129,156.73443629020497
1992,US000101_1992,34690769,224.21934610681419
1992,US000101_1992,34829251,158.6081975427109
1992,US000101_1992,34870164,182.4463956242406
1992,US000101_1992,34905057,223.12447204569548
1992,US000101_1992,34927802,129.02564097872798
1992,US000101_1992,34971584,158.97897712769227
1992,US000101_1992,35060274,79.17005957832555
1992,US000101_1992,35085430,91.92359602267312
1992,US000101_1992,35085447,158.09708621982304
1992,US000101_1992,35085463,129.65319527234513
1992,US000101_1992,35085480,158.09708621982304
1992,US000101_1992,35087802,316.6611993417684
1992,US000101_1992,35173345,314.7278823595119
1992,US000101_1992,35366518,88.22084364033334
1992,US000101_1992,35383392,84.59928790952596
1992,US000101_1992,35383408,92.81018196111886
1992,US000101_1992,35407301,76.52467074534137
1992,US000101_1992,35407316,83.07998058209328
1992,US000101_1992,35429225,156.7344362902049
1992,US000101_1992,35458630,112.76448333539912
1992,US000101_1992,35472332,179.78334732691806
1992,US000101_1992,35496152,95.15061854459067
1992,US000101_1992,35516408,157.43103260053383
1992,US000101_1992,35536073,129.75540952888684
1992,US000101_1992,35536135,182.4463956242406
1992,US000101_1992,35644052,140.65749397557377
1992,US000101_1992,35668819,156.447155025465
1992,US000101_1992,35720434,223.31510478960791
1992,US000101_1992,35722018,119.52523201636149
1992,US000101_1992,35766462,101.45316284094162
1992,US000101_1992,35878818,316.6611993417681
1992,US000101_1992,35938360,121.91949195485937
1992,US000101_1992,35960489,224.2193461068142
1992,US000101_1992,36023654,182.29380432730542
1992,US000101_1992,36063692,141.71946497089016
1992,US000101_1992,36178375,106.04490523376421
1992,US000101_1992,36224361,105.25008910516539
1992,US000101_1992,36268300,129.02564097872803
1992,US000101_1992,36312056,142.38790595519427
1992,US000101_1992,36372001,105.00307312681208
1992,US000101_1992,36407590,158.48221882995682
1992,US000101_1992,36407604,183.0386133090135
1992,US000101_1992,39919756,129.8569486351007
1992,US000101_1992,43650633,78.85082220654915
1992,US000101_1992,43650657,223.31510478960814
1992,US000101_1992,48574562,183.32389501673035
1992,US000101_1992,53656648,223.31510478960814
1992,US000101_1992,53667344,316.66119934176845
1992,US000101_1992,53755722,222.9305586194896
1992,US000101_1992,53824802,99.05228370781515
1992,US000101_1992,53829620,316.6611993417682
1992,US000101_1992,53986507,315.8868943556703
1992,US000101_1992,53988629,119.91391309200607
1992,US000100_1992,53994049,177.6432058139758
1992,US000101_1992,54130315,142.38790595519424
1992,US000101_1992,54233197,315.0312727393772
1992,US000101_1992,54251763,157.96630011166096
1992,US000101_1992,54298044,221.48056333345167
1992,US000100_1992,54355361,173.68488766928382
1992,US000101_1992,54398190,100.28061922019455
1992,US000100_1992,54409637,149.0353060332325
1992,US000101_1992,54438173,116.08788172842407
1993,US000100_1993,1278762,
1993,US000100_1993,1278926,
1993,US000100_1993,14410756,
1993,US000100_1993,15521133,
1993,US000100_1993,20422754,
1993,US000100_1993,42177571,
1994,US000100_1994,1292387,
1994,US000100_1994,1293285,
1994,US000100_1994,4476411,
1994,US000100_1994,4516259,
1994,US000100_1994,14463907,
1994,US000100_1994,15587979,
1994,US000100_1994,32857230,
1994,US000100_1994,47251731,
1994,US000100_1994,48502215,
1994,US000100_1994,49079317,
1994,US000100_1994,49568377,
1994,US000100_1994,49616648,
1994,US000100_1994,54869144,
1995,US000100_1995,1311948,
1995,US000100_1995,1556161,
1995,US000100_1995,1648029,
1995,US000100_1995,1918167,
1995,US000100_1995,3762884,
1995,US000100_1995,14513086,
1995,US000100_1995,14517263,
1995,US000100_1995,15528655,
1995,US000100_1995,47279963,
1995,US000100_1995,51011594,
1995,US000100_1995,51120463,
1995,US000100_1995,54875367,
1996,US000100_1996,1327981,
1996,US000100_1996,1328172,
1996,US000100_1996,2043333,
1996,US000100_1996,4588167,
1996,US000100_1996,14557476,
1996,US000100_1996,17191001,
1996,US000100_1996,17195067,
1996,US000100_1996,17204811,
1996,US000100_1996,18264278,
1996,US000100_1996,18267790,
1996,US000100_1996,18270844,
1996,US000100_1996,23760805,
1996,US000100_1996,42184628,
1996,US000100_1996,43708620,
1996,US000100_1996,44966422,
1996,US000100_1996,47313377,
1996,US000100_1996,47324986,
1996,US000100_1996,52116981,
1996,US000100_1996,52128379,
1996,US000100_1996,52335515,
1996,US000100_1996,52590361,
1996,US000100_1996,52649427,
1996,US000100_1996,52980815,
1997,US000100_1997,469992,
1997,US000100_1997,1333324,
1997,US000100_1997,1339139,
1997,US000100_1997,1341782,
1997,US000100_1997,1618483,
1997,US000100_1997,1669574,
1997,US000100_1997,1687160,
1997,US000100_1997,1772204,
1997,US000100_1997,1903988,
1997,US000100_1997,3785474,
1997,US000100_1997,4616211,
1997,US000100_1997,4623104,
1997,US000100_1997,4624160,
1997,US000100_1997,7560389,
1997,US000100_1997,14626338,
1997,US000100_1997,14654361,
1997,US000100_1997,15542538,
1997,US000100_1997,17656303,
1997,US000100_1997,18271274,
1997,US000100_1997,18282664,
1997,US000100_1997,18283029,
1997,US000100_1997,18283832,
1997,US000100_1997,18284964,
1997,US000100_1997,18285543,
1997,US000100_1997,18286125,
1997,US000100_1997,41268021,
1997,US000100_1997,42190945,
1997,US000100_1997,42545992,
1997,US000100_1997,44968799,
1997,US000100_1997,47339844,
1997,US000100_1997,47345288,
1997,US000100_1997,47362436,
1997,US000100_1997,47365343,
1997,US000100_1997,47366340,
1997,US000100_1997,53580044,
1997,US000100_1997,53926188,
1997,US000100_1997,54115411,
1997,US000100_1997,54127893,
1998,US000100_1998,346883,
1998,US000100_1998,1354474,
1998,US000100_1998,1363832,
1998,US000100_1998,1363873,
1998,US000100_1998,1364525,
1998,US000100_1998,2230443,
1998,US000100_1998,2247983,
1998,US000100_1998,2250052,
1998,US000100_1998,4638867,
1998,US000100_1998,4646869,
1998,US000100_1998,4664264,
1998,US000100_1998,4678499,
1998,US000100_1998,14694504,
1998,US000100_1998,14710848,
1998,US000100_1998,14712392,
1998,US000100_1998,14716089,
1998,US000100_1998,17322311,
1998,US000100_1998,17334562,
1998,US000100_1998,17366436,
1998,US000100_1998,18294969,
1998,US000100_1998,18300740,
1998,US000100_1998,18302088,
1998,US000100_1998,18303696,
1998,US000100_1998,18304105,
1998,US000100_1998,24065809,
1998,US000100_1998,42193078,
1998,US000100_1998,42194323,
1998,US000100_1998,45011477,
1998,US000100_1998,45016116,
1998,US000100_1998,47264594,
1998,US000100_1998,47384337,
1998,US000100_1998,47396050,
1998,US000100_1998,47396943,
1998,US000100_1998,47398320,
1998,US000100_1998,47410670,
1998,US000100_1998,48243642,
1998,US000100_1998,48333682,
1998,US000100_1998,48387061,
1998,US000100_1998,48457991,
1998,US000100_1998,54892834,
1999,US000100_1999,1370984,
1999,US000100_1999,1378260,
1999,US000100_1999,1634912,
1999,US000100_1999,1881706,
1999,US000100_1999,4629558,
1999,US000100_1999,4637116,
1999,US000100_1999,4685130,
1999,US000100_1999,4686406,
1999,US000100_1999,4699949,
1999,US000100_1999,4719214,
1999,US000100_1999,7758879,
1999,US000100_1999,7765642,
1999,US000100_1999,14769214,
1999,US000100_1999,14781570,
1999,US000100_1999,14791806,
1999,US000100_1999,14822967,
1999,US000100_1999,48123479,
1999,US000100_1999,48360244,
1999,US000100_1999,48896768,
1999,US000100_1999,49212398,
1999,US000100_1999,49688858,
1999,US000100_1999,50330066,
1999,US000100_1999,50445974,
1999,US000100_1999,50543933,
1999,US000100_1999,50574588,
1999,US000100_1999,50854950,
1999,US000100_1999,50913485,
1999,US000100_1999,51011354,
1999,US000100_1999,51069035,
1999,US000100_1999,341742117,
2000,US000100_2000,993119,
2000,US000100_2000,996184,
2000,US000100_2000,1001105,
2000,US000100_2000,1765536,
2000,US000100_2000,4728470,
2000,US000100_2000,4739109,
2000,US000100_2000,4744021,
2000,US000100_2000,4748887,
2000,US000100_2000,13934707,
2000,US000100_2000,13934981,
2000,US000100_2000,13936579,
2000,US000100_2000,13938226,
2000,US000100_2000,13956195,
2000,US000100_2000,13963047,
2000,US000100_2000,13975555,
2000,US000100_2000,13978843,
2000,US000100_2000,15468272,
2000,US000100_2000,15775039,
2000,US000100_2000,15784225,
2000,US000100_2000,17645472,
2000,US000100_2000,17645910,
2000,US000100_2000,17646292,
2000,US000100_2000,21358104,
2000,US000100_2000,23829337,
2000,US000100_2000,41298578,
2000,US000100_2000,45591539,
2000,US000100_2000,51253481,
2000,US000100_2000,51374106,
2000,US000100_2000,51780915,
2000,US000100_2000,51784970,
2000,US000100_2000,52133864,
2000,US000100_2000,52238512,
2000,US000100_2000,52258946,
2000,US000100_2000,52797749,
2000,US000100_2000,52935194,
2000,US000100_2000,53187637,
2001,US000100_2001,1024253,
2001,US000100_2001,1026856,
2001,US000100_2001,2249953,
2001,US000100_2001,2359820,
2001,US000100_2001,2394668,
2001,US000100_2001,2518795,
2001,US000100_2001,2521802,
2001,US000100_2001,2526696,
2001,US000100_2001,3474966,
2001,US000100_2001,3476854,
2001,US000100_2001,4720019,
2001,US000100_2001,4766883,
2001,US000100_2001,4785664,
2001,US000100_2001,14008793,
2001,US000100_2001,14009086,
2001,US000100_2001,14014662,
2001,US000100_2001,14022845,
2001,US000100_2001,14035290,
2001,US000100_2001,14042411,
2001,US000100_2001,14049578,
2001,US000100_2001,15872508,
2001,US000100_2001,15894257,
2001,US000100_2001,17656964,
2001,US000100_2001,17663457,
2001,US000100_2001,17665453,
2001,US000100_2001,17666904,
2001,US000100_2001,24917853,
2001,US000100_2001,45084918,
2001,US000100_2001,45603624,
2001,US000100_2001,45616454,
2001,US000100_2001,45625976,
2001,US000100_2001,52855269,
2001,US000100_2001,53179045,
2001,US000100_2001,54057009,
2001,US000100_2001,54145825,
2001,US000100_2001,54146413,
2001,US000100_2001,54245700,
2001,US000100_2001,54286129,
2001,US000100_2001,54303722,
2001,US000100_2001,54304342,
2001,US000100_2001,54910040,
2001,US000100_2001,321218959,
2002,US000100_2002,340356,
2002,US000100_2002,531024,
2002,US000100_2002,531225,
2002,US000100_2002,1035355,
2002,US000100_2002,2532881,
2002,US000100_2002,2534335,
2002,US000100_2002,2553393,
2002,US000100_2002,2553602,
2002,US000100_2002,4741833,
2002,US000100_2002,4752002,
2002,US000100_2002,4801907,
2002,US000100_2002,6919501,
2002,US000100_2002,13653857,
2002,US000100_2002,14064454,
2002,US000100_2002,14064473,
2002,US000100_2002,14065363,
2002,US000100_2002,14100569,
2002,US000100_2002,17677678,
2002,US000100_2002,17678464,
2002,US000100_2002,41317504,
2002,US000100_2002,41336987,
2002,US000100_2002,45646294,
2002,US000100_2002,45652614,
2002,US000100_2002,45656707,
2002,US000100_2002,45660908,
2002,US000100_2002,45668889,
2002,US000100_2002,45673780,
2002,US000100_2002,45674407,
2002,US000100_2002,45678611,
2002,US000100_2002,45682838,
2002,US000100_2002,46818686,
2002,US000100_2002,47946525,
2002,US000100_2002,48268973,
2002,US000100_2002,48376511,
2002,US000100_2002,48472890,
2002,US000100_2002,48732498,
2002,US000100_2002,48751677,
2002,US000100_2002,48751972,
2002,US000100_2002,48893928,
2002,US000100_2002,49350305,
2002,US000100_2002,49351263,
2002,US000100_2002,49416533,
2002,US000100_2002,49454611,
2002,US000100_2002,54910430,
2002,US000100_2002,54914653,
2002,US000100_2002,55760017,
2002,US000100_2002,321219402,
2003,US000100_2003,1068274,
2003,US000100_2003,2578816,
2003,US000100_2003,2592101,
2003,US000100_2003,2604447,
2003,US000100_2003,2606991,
2003,US000100_2003,2610653,
2003,US000100_2003,2632863,
2003,US000100_2003,2634580,
2003,US000100_2003,2639452,
2003,US000100_2003,2641146,
2003,US000100_2003,2641439,
2003,US000100_2003,2643816,
2003,US000100_2003,2648799,
2003,US000100_2003,2659223,
2003,US000100_2003,3502562,
2003,US000100_2003,4847756,
2003,US000100_2003,4867732,
2003,US000100_2003,4871403,
2003,US000100_2003,4887058,
2003,US000100_2003,7059185,
2003,US000100_2003,7067402,
2003,US000100_2003,13114655,
2003,US000100_2003,14108259,
2003,US000100_2003,14118858,
2003,US000100_2003,14123788,
2003,US000100_2003,14126606,
2003,US000100_2003,14133934,
2003,US000100_2003,16038853,
2003,US000100_2003,16046742,
2003,US000100_2003,16063461,
2003,US000100_2003,16071632,
2003,US000100_2003,16076190,
2003,US000100_2003,16077597,
2003,US000100_2003,17686217,
2003,US000100_2003,17690722,
2003,US000100_2003,17691620,
2003,US000100_2003,23838849,
2003,US000100_2003,41320697,
2003,US000100_2003,41322738,
2003,US000100_2003,41331087,
2003,US000100_2003,42126482,
2003,US000100_2003,42215853,
2003,US000100_2003,45201899,
2003,US000100_2003,45689372,
2003,US000100_2003,49900898,
2003,US000100_2003,49964329,
2003,US000100_2003,50444392,
2003,US000100_2003,50496350,
2003,US000100_2003,50811690,
2003,US000100_2003,51023796,
2003,US000100_2003,51073825,
2003,US000100_2003,52178404,
2003,US000100_2003,52188836,
2003,US000100_2003,52237117,
2003,US000100_2003,52383654,
2003,US000100_2003,53122902,
2003,US000100_2003,351960015,
2004,US000100_2004,1090267,
2004,US000100_2004,1091753,
2004,US000100_2004,2686430,
2004,US000100_2004,4863398,
2004,US000100_2004,4896209,
2004,US000100_2004,4911102,
2004,US000100_2004,4911199,
2004,US000100_2004,17698221,
2004,US000100_2004,17698513,
2004,US000100_2004,23843305,
2004,US000100_2004,41340887,
2004,US000100_2004,51343498,
2004,US000100_2004,53258257,
2004,US000100_2004,53496111,
2004,US000100_2004,53595119,
2004,US000100_2004,53657580,
2004,US000100_2004,53718790,
2004,US000100_2004,53779010,
2004,US000100_2004,53883749,
2004,US000100_2004,53899424,
2004,US000100_2004,53934121,
2004,US000100_2004,53941338,
2004,US000100_2004,53941544,
2004,US000100_2004,53957883,
2004,US000100_2004,53964483,
2004,US000100_2004,54490575,
2004,US000100_2004,54490712,
2004,US000100_2004,54493338,
2004,US000100_2004,54500271,
2004,US000100_2004,54508455,
2004,US000100_2004,54509778,
2004,US000100_2004,54510124,
2004,US000100_2004,54525890,
2004,US000100_2004,57257566,
2004,US000100_2004,318019322,
2004,US000100_2004,320410837,
2004,US000100_2004,323783390,
2004,US000100_2004,323784545,
2004,US000100_2004,330265127,
2004,US000100_2004,331433557,
2004,US000100_2004,333070965,
2004,US000100_2004,425711804,
2005,US000100_2005,534765,
2005,US000100_2005,1101237,
2005,US000100_2005,1101603,
2005,US000100_2005,2721305,
2005,US000100_2005,4882542,
2005,US000100_2005,4886190,
2005,US000100_2005,4939306,
2005,US000100_2005,4943073,
2005,US000100_2005,4948171,
2005,US000100_2005,4956390,
2005,US000100_2005,4957831,
2005,US000100_2005,4967132,
2005,US000100_2005,15197935,
2005,US000100_2005,15199374,
2005,US000100_2005,16279647,
2005,US000100_2005,16279697,
2005,US000100_2005,17701727,
2005,US000100_2005,41348446,
2005,US000100_2005,41348449,
2005,US000100_2005,41349431,
2005,US000100_2005,46364027,
2005,US000100_2005,46364115,
2005,US000100_2005,46364218,
2005,US000100_2005,46364635,
2005,US000100_2005,48075272,
2005,US000100_2005,48117704,
2005,US000100_2005,48342853,
2005,US000100_2005,48486042,
2005,US000100_2005,48596128,
2005,US000100_2005,48722178,
2005,US000100_2005,48914693,
2005,US000100_2005,49005003,
2005,US000100_2005,49531095,
2005,US000100_2005,54540373,
2005,US000100_2005,54551288,
2005,US000100_2005,56477544,
2005,US000100_2005,57332288,
2005,US000100_2005,57857970,
2005,US000100_2005,58024538,
2005,US000100_2005,319030462,
2005,US000100_2005,425777966,
2006,US000100_2006,2745677,
2006,US000100_2006,2745678,
2006,US000100_2006,2746504,
2006,US000100_2006,2755269,
2006,US000100_2006,4931879,
2006,US000100_2006,4932041,
2006,US000100_2006,4940925,
2006,US000100_2006,4985327,
2006,US000100_2006,5002220,
2006,US000100_2006,5013715,
2006,US000100_2006,8631944,
2006,US000100_2006,8642489,
2006,US000100_2006,16331179,
2006,US000100_2006,16354641,
2006,US000100_2006,16359806,
2006,US000100_2006,16359816,
2006,US000100_2006,41356596,
2006,US000100_2006,49882669,
2006,US000100_2006,50323931,
2006,US000100_2006,50780629,
2006,US000100_2006,51612805,
2006,US000100_2006,54591784,
2006,US000100_2006,54596962,
2006,US000100_2006,54604443,
2006,US000100_2006,54627534,
2006,US000100_2006,337002796,
2007,US000100_2007,28452,
2007,US000100_2007,16416624,
2007,US000100_2007,52663587,
2007,US000100_2007,52771734,
2007,US000100_2007,53598512,
2007,US000100_2007,54639612,
2007,US000100_2007,54643546,
2007,US000100_2007,54648884,
2007,US000100_2007,54651341,
2007,US000100_2007,54663249,
2007,US000100_2007,55302043,
2007,US000100_2007,55345554,
2007,US000100_2007,55469720,
2007,US000100_2007,55508125,
2007,US000100_2007,55522666,
2007,US000100_2007,55585650,
2007,US000100_2007,55701216,
2007,US000100_2007,55728776,
2007,US000100_2007,56453769,
2007,US000100_2007,56468796,
2007,US000100_2007,56569055,
2007,US000100_2007,56571945,
2007,US000100_2007,57484918,
2007,US000100_2007,57829933,
2007,US000100_2007,57915026,
2007,US000100_2007,266712429,
2007,US000100_2007,266791919,
2007,US000100_2007,267415616,
2007,US000100_2007,273709583,
2007,US000100_2007,330763221,
2007,US000100_2007,421165076,
2008,US000100_2008,79922,
2008,US000100_2008,88734,
2008,US000100_2008,267069,
2008,US000100_2008,371647,
2008,US000100_2008,55507585,
2008,US000100_2008,55517998,
2008,US000100_2008,55517999,
2008,US000100_2008,56453369,
2008,US000100_2008,56499492,
2008,US000100_2008,56695675,
2008,US000100_2008,57512125,
2008,US000100_2008,57810998,
2008,US000100_2008,57846544,
2008,US000100_2008,57867859,
2008,US000100_2008,58077079,
2008,US000100_2008,266637518,
2008,US000100_2008,266637520,
2008,US000100_2008,267003564,
2008,US000100_2008,267855278,
2008,US000100_2008,273065944,
2008,US000100_2008,273639281,
2008,US000100_2008,273639288,
2008,US000100_2008,273656175,
2008,US000100_2008,273844796,
2008,US000100_2008,274060877,
2008,US000100_2008,274395699,
2008,US000100_2008,274711607,
2008,US000100_2008,274939650,
2008,US000100_2008,298706650,
2008,US000100_2008,315434384,
2008,US000100_2008,315434417,
2008,US000100_2008,315663890,
2008,US000100_2008,318285982,
2008,US000100_2008,318812791,
2008,US000100_2008,322443926,
2008,US000100_2008,328720420,
2008,US000100_2008,329873046,
2008,US000100_2008,332386802,
2008,US000100_2008,418555102,
2008,US000100_2008,421601398,
2008,US000100_2008,422615113,
2009,US000100_2009,57150861,
2009,US000100_2009,266853669,
2009,US000100_2009,266853909,
2009,US000100_2009,267336175,
2009,US000100_2009,267395998,
2009,US000100_2009,267924838,
2009,US000100_2009,274267256,
2009,US000100_2009,315433736,
2009,US000100_2009,315852033,
2009,US000100_2009,317611845,
2009,US000100_2009,328377700,
2009,US000100_2009,328471998,
2009,US000100_2009,329268474,
2009,US000100_2009,329340169,
2009,US000100_2009,330382957,
2009,US000100_2009,332284908,
2009,US000100_2009,333477185,
2009,US000100_2009,333893789,
2009,US000100_2009,335571544,
2009,US000100_2009,337211584,
2009,US000100_2009,338435172,
2009,US000100_2009,338938549,
2009,US000100_2009,406884671,
2010,US000100_2010,315463179,
2010,US000100_2010,319376411,
2010,US000100_2010,320411897,
2010,US000100_2010,322520970,
2010,US000100_2010,322521634,
2010,US000100_2010,323462852,
2010,US000100_2010,328594727,
2010,US000100_2010,328721677,
2010,US000100_2010,328949138,
2010,US000100_2010,333000931,
2010,US000100_2010,333001042,
2010,US000100_2010,333591157,
2010,US000100_2010,333805487,
2010,US000100_2010,337212528,
2010,US000100_2010,340482283,
2010,US000100_2010,341248580,
2010,US000100_2010,341248588,
2010,US000100_2010,352892560,
2010,US000100_2010,352938646,
2010,US000100_2010,365711348,
2010,US000100_2010,375802829,
2010,US000100_2010,375802830,
2011,US000100_2011,332330500,
2011,US000100_2011,334312484,
2011,US000100_2011,334971462,
2011,US000100_2011,335272440,
2011,US000100_2011,337604307,
2011,US000100_2011,338947580,
2011,US000100_2011,339335049,
2011,US000100_2011,339347040,
2011,US000100_2011,341720766,
2011,US000100_2011,364317493,
2011,US000100_2011,365870918,
2011,US000100_2011,365870919,
2011,US000100_2011,381356522,
2011,US000100_2011,406116971,
2011,US000100_2011,413333340,
2012,US000100_2012,364830232,
2012,US000100_2012,365035339,
2012,US000100_2012,365388626,
2012,US000100_2012,378579409,
2012,US000100_2012,404962837,
2012,US000100_2012,406138578,
2012,US000100_2012,410828897,
2013,US000100_2013,408509260,
2013,US000100_2013,408850711,
2013,US000100_2013,410259342,
2013,US000100_2013,420587795,
2015,US000100_2015,440927234,
