permno_year,publn_nr,mahal_dist
US0001002007,28452,151.34925251830407
US0001002008,79922,152.2669253073945
US0001002008,88734,221.4648768857456
US0001002008,267069,265.7893893764211
US0001011989,323050,316.14596716444026
US0001011990,323694,156.36735354381446
US0001011990,324159,181.76647270188855
US0001011991,325060,126.41149457468735
US0001002002,340356,113.40583230281013
US0001001998,346883,126.16514398800535
US0001002008,371647,154.41057907798813
US0001001997,469992,110.75557030788713
US0001002002,531024,315.7655617930133
US0001002002,531225,126.17972913731761
US0001002005,534765,297.60848503948085
US0001011986,638220,182.41122317115133
US0001002000,993119,136.36629853509382
US0001002000,996184,132.45121529106694
US0001002000,1001105,116.67970372086295
US0001002001,1024253,95.44536192281289
US0001002001,1026856,116.9630050298646
US0001002002,1035355,222.9526631696902
US0001002003,1068274,85.37073695250973
US0001002004,1090267,210.54271382700554
US0001002004,1091753,139.8434595961512
US0001002005,1101237,205.06079468562635
US0001002005,1101603,95.86088354047767
US0001001987,1177152,171.416808671422
US0001011988,1192361,94.44392320402802
US0001011988,1195430,118.65358908826893
US0001011988,1196150,102.11960021160024
US0001011990,1216717,87.9190044846286
US0001011990,1218674,85.11133718413222
US0001011990,1221437,55.44142757309554
US0001001991,1244284,77.40179783528599
US0001011992,1252124,103.09997455681197
US0001001992,1259990,201.54061025323867
US0001001993,1278762,65.84050602156735
US0001001993,1278926,305.3052531007547
US0001001994,1292387,215.07845322282847
US0001001994,1293285,173.0282926468394
US0001001995,1311948,100.9137685327407
US0001001996,1327981,233.2351453216342
US0001001996,1328172,135.05571314897986
US0001001997,1333324,157.0129470219427
US0001001997,1339139,163.1342536211633
US0001001997,1341782,233.2379043036635
US0001001998,1354474,297.6622704545523
US0001001998,1363832,123.52008989625415
US0001001998,1363873,138.9837507699748
US0001001998,1364525,211.94482935462938
US0001001999,1370984,177.8933637122744
US0001001999,1378260,165.72733793237236
US0001011992,1474154,124.96532488301345
US0001001988,1515039,150.29365939976128
US0001001988,1529219,96.65578459982025
US0001001995,1556161,122.07510172222985
US0001001988,1570710,102.35475082517299
US0001001997,1618483,253.18998506982373
US0001001999,1634912,310.3142081992559
US0001001995,1648029,70.42305794269146
US0001011988,1652981,316.2713635134812
US0001001997,1669574,150.80476652100728
US0001001997,1687160,108.7503184841586
US0001001989,1722536,210.63611499620913
US0001002000,1765536,154.95477795743898
US0001001997,1772204,96.902176707751
US0001001989,1835990,67.10340053951421
US0001001999,1881706,121.71193197348363
US0001001997,1903988,157.83113216874003
US0001001995,1918167,100.9137685327407
US0001011986,2039163,313.91016131928063
US0001001996,2043333,154.01104836119865
US0001001990,2199129,210.79401040275096
US0001001998,2230443,121.73502266840025
US0001001987,2239663,313.4413621951346
US0001001998,2247983,121.73502266840025
US0001002001,2249953,136.15694336576325
US0001001998,2250052,121.73502266840025
US0001001991,2300562,80.36748096512073
US0001001987,2306337,105.53076622181844
US0001002001,2359820,152.72158840529042
US0001011987,2360543,81.71468215451316
US0001001991,2388624,94.07002022886087
US0001002001,2394668,88.89811730545516
US0001011991,2415222,316.1015476229198
US0001002001,2518795,96.62526231572528
US0001002001,2521802,121.46028188085793
US0001002001,2526696,153.81099468766485
US0001002002,2532881,74.77546599776385
US0001002002,2534335,79.7138772442763
US0001002002,2553393,190.87590774244944
US0001002002,2553602,82.51037144290927
US0001002003,2578816,189.31260582283633
US0001002003,2592101,290.71567308375006
US0001002003,2604447,297.53634240630265
US0001002003,2606991,108.25972494022155
US0001002003,2610653,291.1683620537684
US0001002003,2632863,221.97931663683443
US0001002003,2634580,132.99082889361372
US0001002003,2639452,297.53634240630265
US0001002003,2641146,97.37387843912542
US0001002003,2641439,315.7200519772649
US0001002003,2643816,136.48163115968813
US0001002003,2648799,151.45262497033323
US0001002003,2659223,120.0226891967872
US0001002004,2686430,189.60896215452325
US0001002005,2721305,99.42864655996686
US0001002006,2745677,171.74366242628477
US0001002006,2745678,172.59671790379954
US0001002006,2746504,176.58560258951482
US0001002006,2755269,175.75847790493648
US0001002001,3474966,136.2396498752259
US0001002001,3476854,98.0252410418719
US0001002003,3502562,79.18200523022176
US0001001988,3699183,136.82623381389806
US0001001995,3762884,120.01619551989234
US0001001997,3785474,99.99768453385518
US0001011986,4239050,223.45984939998453
US0001001986,4242101,148.3972117746363
US0001011986,4255821,182.0486390638893
US0001011987,4259359,163.19493175507304
US0001011987,4261412,128.87072964766412
US0001011987,4272045,127.45406945063282
US0001011987,4278410,113.45661190994122
US0001001988,4289856,83.2837229878566
US0001011987,4293217,153.6077970642145
US0001001989,4301837,186.3191233603569
US0001001989,4311051,304.4562545740108
US0001001989,4311052,304.4562545740108
US0001011989,4335828,195.22881596844
US0001011990,4341487,99.21634819796171
US0001011990,4357622,223.3887425981626
US0001011990,4361118,188.45958805081798
US0001011990,4365023,68.60790831143625
US0001011990,4366864,127.07185942224622
US0001011992,4404052,302.79346421242684
US0001001992,4405615,173.81054725220932
US0001011992,4408386,302.79346421242684
US0001001994,4476411,117.55976314750842
US0001001994,4516259,132.70231931526052
US0001001996,4588167,216.08236426726475
US0001001997,4616211,60.41064329550689
US0001001997,4623104,155.45785817972444
US0001001997,4624160,121.79904316515758
US0001001999,4629558,220.8048320973179
US0001001999,4637116,314.9129375971861
US0001001998,4638867,138.6263331758432
US0001001998,4646869,110.27198791109646
US0001001998,4664264,308.0793934880193
US0001001998,4678499,124.13983259054854
US0001001999,4685130,265.78884400327723
US0001001999,4686406,150.4958510546636
US0001001999,4699949,201.34611724268248
US0001001999,4719214,80.39555346491595
US0001002001,4720019,221.7443163114282
US0001002000,4728470,146.6402494902379
US0001002000,4739109,135.2767472810649
US0001002002,4741833,312.83595984530916
US0001002000,4744021,180.4531183834505
US0001002000,4748887,315.2051647014885
US0001002002,4752002,222.95266316969014
US0001002001,4766883,102.20908192688971
US0001002001,4785664,96.42953784557766
US0001002002,4801907,115.67765210090997
US0001002003,4847756,124.10813851951674
US0001002004,4863398,222.56948062158656
US0001002003,4867732,221.22192300389497
US0001002003,4871403,137.9482505136527
US0001002005,4882542,155.65512293935174
US0001002005,4886190,156.08826721655564
US0001002003,4887058,154.51252949033457
US0001002004,4896209,154.13352968799097
US0001002004,4911102,297.6712050284397
US0001002004,4911199,145.84748607712854
US0001002006,4931879,213.65010893762474
US0001002006,4932041,215.1084415301173
US0001002005,4939306,124.32098484610799
US0001002006,4940925,124.45201749094885
US0001002005,4943073,177.12386693855186
US0001002005,4948171,180.73467319512386
US0001002005,4956390,177.07408728299475
US0001002005,4957831,146.37594721302787
US0001002005,4967132,205.95406728983352
US0001002006,4985327,176.14881299875074
US0001002006,5002220,211.89893558535942
US0001002006,5013715,102.11342759991558
US0001011986,5888651,130.01213306743776
US0001002002,6919501,62.04055020606574
US0001002003,7059185,156.34436327476283
US0001002003,7067402,210.8048114118167
US0001011986,7082722,119.18318968418053
US0001011986,7087335,315.59904231836714
US0001011988,7119727,316.27136351348133
US0001011991,7214052,309.6387918988978
US0001001997,7560389,233.2379043036635
US0001001999,7758879,121.71193197348363
US0001001999,7765642,125.64144529519572
US0001002006,8631944,314.4393304173519
US0001002006,8642489,124.6406443563006
US0001001992,8997882,121.62470029846665
US0001011986,10889688,216.565087417785
US0001011986,10896757,316.1337053849416
US0001011986,10900743,182.4112231711511
US0001011986,10901907,223.47375613349578
US0001011986,10912518,316.13370538494155
US0001011986,10917014,88.16610709707435
US0001011986,10925137,221.81046301549708
US0001011986,10927786,87.34844669538775
US0001011986,10930044,223.42999272999626
US0001011986,10931236,157.06711628981765
US0001011986,10938355,123.74898245359155
US0001011986,10938886,128.8498566047795
US0001011986,10942629,103.21626682872143
US0001011986,10943611,100.56486093168138
US0001011986,10948317,180.9783202677318
US0001011986,10951448,137.37187672108988
US0001011987,10989781,111.33496406363051
US0001011987,10991475,216.2580652652941
US0001011986,11005769,66.65213344439373
US0001011987,11007291,99.77939657617021
US0001011987,11008073,140.688762030015
US0001011987,11008851,140.58422730237248
US0001011987,11010616,221.7930242436395
US0001011987,11011471,133.94315664728757
US0001011987,11020597,103.66021756260486
US0001011987,11021669,111.38904376996676
US0001011987,11023682,181.41915802981114
US0001011988,11049790,129.0697601032117
US0001011988,11062023,157.71382104797007
US0001011988,11063029,82.45176117427108
US0001011988,11063403,125.93049635113752
US0001011988,11064741,93.26972220723157
US0001011988,11064776,155.1585628187701
US0001011988,11066250,219.1462201861319
US0001011988,11068395,156.52278715493352
US0001011988,11068455,157.16975344563463
US0001011988,11081175,75.56995061424729
US0001011988,11082850,74.01506316320913
US0001011988,11085445,110.66615138695678
US0001011988,11089734,179.34349266127066
US0001001988,11092908,181.96702314908768
US0001011988,11099909,316.27136351348173
US0001011988,11101104,137.7232599756064
US0001011988,11104401,316.2713635134816
US0001011988,11109692,141.46468231477078
US0001011989,11116347,78.18187396237427
US0001011989,11131030,95.56696049133367
US0001011989,11135294,153.73462130147726
US0001011991,11193446,125.46580750867723
US0001011991,11194820,96.30179780683052
US0001011991,11199288,223.32651387515398
US0001011991,11207588,129.02684896432189
US0001011991,11212090,219.93577452383212
US0001011992,11213758,223.90652826162423
US0001011992,11224555,152.0127774092974
US0001011992,11226373,218.75033039179172
US0001011992,11228959,141.89479693834275
US0001011992,11234227,157.22810761172565
US0001011992,11234371,129.47126376711344
US0001011992,11236796,87.58803889776013
US0001011992,11238624,103.53224629067174
US0001011992,11238650,182.7493573054219
US0001011992,11243826,87.43434554111553
US0001002003,13114655,142.28404119313302
US0001002002,13653857,123.12692892952782
US0001011992,13846128,120.11629645598501
US0001002000,13934707,121.75505751342718
US0001002000,13934981,210.61870304775647
US0001002000,13936579,107.95011899233694
US0001002000,13938226,233.42968823136945
US0001002000,13956195,107.33624281257073
US0001002000,13963047,97.05627490690732
US0001002000,13975555,89.36141344241146
US0001002000,13978843,297.76948956976
US0001002001,14008793,291.09646901499826
US0001002001,14009086,222.97106318087683
US0001002001,14014662,126.6057894397395
US0001002001,14022845,222.63263401245203
US0001002001,14035290,87.18969571155397
US0001002001,14042411,125.50727377713325
US0001002001,14049578,120.16062359251617
US0001002002,14064454,179.40737838292054
US0001002002,14064473,114.04353496985509
US0001002002,14065363,99.86350522981832
US0001002002,14100569,155.67647499095833
US0001002003,14108259,125.95422395672223
US0001002003,14118858,113.70967915008501
US0001002003,14123788,146.33403302229135
US0001002003,14126606,209.23602744773882
US0001002003,14133934,122.75867154718111
US0001011989,14144651,101.81511201630053
US0001011989,14148925,133.38713186072593
US0001011989,14153440,114.598717106001
US0001011989,14159191,116.24285358526906
US0001011989,14162037,101.48580973877114
US0001011989,14166499,223.49110173413922
US0001011989,14171850,220.7121638664636
US0001011989,14173573,68.75792503942208
US0001011989,14174581,131.1150131330999
US0001011989,14174952,180.88247447967046
US0001001989,14176443,134.62653256513687
US0001011989,14176771,82.78535375175665
US0001011989,14178171,303.89176701347577
US0001011989,14182508,59.50673702562594
US0001011989,14183794,119.06237617766514
US0001011989,14189372,62.35953141329548
US0001011989,14191433,221.79624152944297
US0001011990,14194766,117.66575696784923
US0001011990,14196138,139.42652227545562
US0001011990,14197389,119.1040382088891
US0001011990,14197699,140.86729291443552
US0001011990,14197782,86.74652370347926
US0001011990,14202386,77.84605050601685
US0001011990,14204143,314.4716720885032
US0001011990,14205033,139.87874989811058
US0001011990,14206483,316.00758306751896
US0001011990,14208462,141.5354256134182
US0001011990,14209726,123.2466800442488
US0001011990,14209975,118.42658510822166
US0001011990,14211023,217.43385673954958
US0001011990,14212338,223.26003899618595
US0001011990,14214126,182.3074881125202
US0001011990,14215429,110.50284452105343
US0001011990,14215806,182.66256147813402
US0001011990,14217306,86.21425849531069
US0001011990,14224874,127.11647071678296
US0001011990,14227187,78.95766334796014
US0001011990,14227259,81.54114628236555
US0001011990,14228069,124.17435501011381
US0001011990,14228828,132.7042544480188
US0001011990,14233352,47.832037625626015
US0001011990,14235002,111.81610317755964
US0001001990,14235320,219.99850793502205
US0001011990,14241539,302.5870306168881
US0001011990,14246300,59.663258214616135
US0001011991,14254199,157.13771149297224
US0001011991,14256133,148.68542881051928
US0001011991,14261904,85.12445829948217
US0001011991,14262846,223.69471885884025
US0001011991,14263702,79.03935826294135
US0001011991,14270239,60.56763899838596
US0001001991,14271485,221.4828235391579
US0001011991,14271617,148.22002313807397
US0001011991,14271878,78.31877111732207
US0001011991,14275752,312.14780269315554
US0001011991,14281985,145.41852656292195
US0001011991,14284476,316.09731271825007
US0001001991,14288700,56.017460377017095
US0001011991,14289847,223.32136256341917
US0001011991,14292005,110.36094992192477
US0001011991,14301696,176.4422723884156
US0001011991,14312296,220.34033623405222
US0001011992,14313743,95.95430784977553
US0001011992,14314562,171.7984784207645
US0001011992,14315035,155.09088573954745
US0001011992,14315346,176.4899945050605
US0001011992,14317995,117.20764323291759
US0001011992,14318130,100.44354496760518
US0001011992,14319907,178.07987555889764
US0001011992,14327170,223.47143561272023
US0001011992,14327827,104.94161870933284
US0001011992,14329583,110.47408336698138
US0001011992,14337619,314.70777517571776
US0001011992,14337652,68.59796962722793
US0001011992,14340799,182.69546928441025
US0001011992,14344266,315.3561402834134
US0001011992,14345144,180.6585599841286
US0001011992,14345512,98.72122362340592
US0001011992,14346146,156.3716004040385
US0001011992,14349285,98.79747930088237
US0001011992,14350302,182.43789426795868
US0001011992,14352144,50.4423720186881
US0001001992,14354656,121.58318001938149
US0001011992,14356803,302.695902553028
US0001011992,14360395,118.65040627045117
US0001011992,14360851,217.61266265122472
US0001011992,14366119,134.18477220010607
US0001001993,14410756,65.84050602156735
US0001001994,14463907,130.939001763947
US0001001995,14513086,152.77419233902046
US0001001995,14517263,134.68925596796586
US0001001996,14557476,114.42827025905143
US0001001997,14626338,223.02850361316806
US0001001997,14654361,233.2379043036635
US0001001998,14694504,222.68481710172492
US0001001998,14710848,315.57650065812675
US0001001998,14712392,152.00766360669874
US0001001998,14716089,131.02769249878997
US0001001999,14769214,125.52522563263818
US0001001999,14781570,166.1783559958412
US0001001999,14791806,106.07040238429082
US0001001999,14822967,297.83538791895194
US0001002005,15197935,125.10948059004754
US0001002005,15199374,161.34829494039718
US0001001989,15284545,111.8972298826289
US0001011988,15424287,181.26897789319653
US0001002000,15468272,139.11971770562403
US0001011990,15493005,315.81770399459975
US0001011991,15499116,156.14357143517225
US0001001992,15509727,201.54061025323867
US0001001993,15521133,118.26122524305376
US0001001995,15528655,210.75839912262347
US0001001997,15542538,315.8191150388603
US0001001994,15587979,215.3842338557091
US0001011991,15658797,151.5115221353044
US0001002000,15775039,107.33624281257073
US0001002000,15784225,221.56492315303194
US0001002001,15872508,140.37969972848916
US0001002001,15894257,124.43968236658385
US0001002003,16038853,139.28084388829745
US0001002003,16046742,290.71567308375006
US0001002003,16063461,221.73628905093784
US0001002003,16071632,56.96569099474882
US0001002003,16076190,313.5226825166244
US0001002003,16077597,313.5226825166244
US0001002005,16279647,155.87814397899055
US0001002005,16279697,233.05740641717153
US0001002006,16331179,214.22686041680785
US0001002006,16354641,154.50596271119315
US0001002006,16359806,306.48578415516585
US0001002006,16359816,177.5192484818653
US0001002007,16416624,119.3962230219208
US0001001986,16620811,150.91397185881289
US0001011986,16624589,97.16981296295427
US0001011986,16624754,134.60233720879967
US0001011986,16627613,71.6053057581849
US0001011986,16628350,115.04639037382229
US0001011986,16630973,216.67855209630346
US0001011986,16636744,128.58758359976412
US0001011986,16637130,181.15865410033163
US0001011986,16638754,313.5316484735535
US0001011986,16639729,117.72811462668943
US0001001987,16657406,78.01715811913806
US0001011987,16657556,166.60524432281176
US0001011987,16662976,181.40926163831492
US0001011987,16666121,222.1817106082791
US0001001987,16667109,199.54318621884312
US0001011987,16672875,101.51746822612986
US0001011987,16673012,218.14899552939193
US0001011987,16673170,103.96520606835247
US0001011987,16674418,74.09580532372341
US0001011987,16678891,178.17820378798535
US0001011987,16680202,217.0566792739818
US0001011988,16702941,119.98056558104078
US0001011988,16703609,135.74630013017824
US0001011988,16713097,141.2310352778374
US0001011988,16714331,103.4548876564508
US0001011988,16716615,85.97784656707833
US0001001988,16718867,162.0149156828253
US0001011988,16719578,84.44546840351656
US0001011988,16719710,221.08015066456963
US0001011988,16730010,124.83882449251023
US0001011989,16750365,93.554933051996
US0001011989,16755720,167.05171411793336
US0001001989,16756373,150.53762182806838
US0001011989,16764725,145.0875503284219
US0001011989,16769567,156.76261373510147
US0001011989,16770136,178.2682340442279
US0001011989,16786429,302.8133245219903
US0001011989,16787341,108.83832307017055
US0001011990,16806360,150.13774613889004
US0001011990,16809466,60.5483649342897
US0001011990,16809608,157.69182897696612
US0001011990,16810712,83.26191306879502
US0001011990,16814376,117.1971223346175
US0001011990,16823988,119.18178409370532
US0001011990,16835686,81.37686866888063
US0001011990,16837843,158.04099167008022
US0001001990,16859852,95.95434652925934
US0001011990,16861111,158.16906132476925
US0001011991,16866170,111.2822657139811
US0001011991,16868034,108.29576085095914
US0001011991,16869964,315.39257127463935
US0001011991,16871834,222.53320525469894
US0001011991,16871970,94.72175193183261
US0001011991,16873704,121.41806781512254
US0001011991,16874868,180.11273224272813
US0001011991,16874971,153.92873818768322
US0001011991,16877192,111.0998588469144
US0001011991,16879705,157.5970319739391
US0001011991,16879825,154.18832009339206
US0001011991,16880069,138.70117834366903
US0001011991,16890308,222.81302834040164
US0001011991,16895547,81.63669044936067
US0001011991,16904165,147.93563970009203
US0001011991,16914624,156.27462998701685
US0001001991,16918562,210.77283334400917
US0001001991,16918806,175.0117833548601
US0001011992,16920572,309.25142922461333
US0001011992,16920894,100.90003801240547
US0001011992,16923977,141.55286204229608
US0001011992,16932394,101.60679568686169
US0001011992,16932462,178.38724864024363
US0001011992,16933794,78.74098520608277
US0001011992,16939610,120.08267613481397
US0001011992,16953721,112.40166101163052
US0001011992,16957944,141.73868033604958
US0001011992,16973993,153.0753520950977
US0001001992,16976648,90.03374299743564
US0001011987,17051610,309.1284311217198
US0001011992,17163527,312.35802879224894
US0001001996,17191001,157.97261447402565
US0001001996,17195067,91.82114476652133
US0001001996,17204811,113.17746524983089
US0001001998,17322311,99.26944883328964
US0001001998,17334562,81.09993136359627
US0001001998,17366436,214.51680666287626
US0001011986,17555174,134.21302473674186
US0001011986,17557252,216.0813170855023
US0001011986,17558405,96.03048292229109
US0001011987,17559464,158.14211253344249
US0001001989,17577095,112.5408098232244
US0001002000,17645472,121.75505751342718
US0001002000,17645910,155.92943583011868
US0001002000,17646292,181.88317483707948
US0001001997,17656303,218.73509404754674
US0001002001,17656964,126.41304046370762
US0001002001,17663457,204.48866640929796
US0001002001,17665453,153.13695499711605
US0001002001,17666904,126.44996372935233
US0001002002,17677678,219.96127329110902
US0001002002,17678464,112.16806080159012
US0001002003,17686217,208.6766955265566
US0001002003,17690722,122.9722619164013
US0001002003,17691620,290.71567308375006
US0001002004,17698221,124.16355691050656
US0001002004,17698513,124.20431921664006
US0001002005,17701727,121.82984387084272
US0001011987,18143740,316.24188172432173
US0001011987,18144317,127.43980186676934
US0001011987,18144837,86.32510301776438
US0001011987,18144838,177.6203776082824
US0001001987,18144888,151.29795180924825
US0001001987,18144889,134.58910287324204
US0001011987,18145225,223.6230093883672
US0001011987,18146408,211.66635841526397
US0001011987,18146495,133.83800334475941
US0001001988,18151163,152.80811049513719
US0001011988,18154473,222.4394955356895
US0001011988,18154927,157.37252891593965
US0001011989,18158336,314.0357506929988
US0001001989,18158751,129.68052799817266
US0001011989,18160558,139.52064469427978
US0001011989,18160728,120.4764944590138
US0001011990,18168840,155.20562784372655
US0001011990,18169052,222.24865328880162
US0001011990,18169271,222.24865328880162
US0001011990,18170734,84.61066742845153
US0001011990,18171088,141.53542561341823
US0001011990,18172000,104.75280102142001
US0001011990,18172283,140.9928107835726
US0001001990,18180365,205.7278760365282
US0001011991,18189222,95.41758984416933
US0001001991,18195258,56.017460377017095
US0001011992,18197333,179.1402664813034
US0001011992,18197812,168.9043190754958
US0001011992,18199697,74.63540513317521
US0001011992,18202139,69.162241736739
US0001011992,18202514,314.62045108381307
US0001001992,18206860,136.90439198808969
US0001001992,18219489,130.10727784671113
US0001001996,18264278,146.35697631652516
US0001001996,18267790,113.91762755099116
US0001001996,18270844,210.36688624584878
US0001001997,18271274,315.81911503886033
US0001001997,18282664,126.54435485267149
US0001001997,18283029,104.3569785988167
US0001001997,18283832,95.98104746124471
US0001001997,18284964,125.76638332711339
US0001001997,18285543,155.45785817972444
US0001001997,18286125,93.96685999995269
US0001001998,18294969,109.84522270033843
US0001001998,18300740,217.62753647480304
US0001001998,18302088,210.30709530538505
US0001001998,18303696,94.25921140881938
US0001001998,18304105,178.37784584846563
US0001011986,20268720,97.90910611379394
US0001011986,20269551,138.2145632651442
US0001011986,20270297,140.7859878850282
US0001011986,20270960,155.7886621163442
US0001011986,20275025,148.19496927241525
US0001011987,20301440,120.96875622009887
US0001011990,20381416,80.91010270348004
US0001011992,20420756,220.97413696729106
US0001001993,20422754,175.34750324378763
US0001002000,21358104,117.81980656984963
US0001011986,22886121,223.4737561334957
US0001011986,22886848,157.93948663052578
US0001011986,22887952,67.81481454231647
US0001011986,22888978,99.41933636556305
US0001011986,22889263,223.187031765682
US0001011986,22889805,155.82712392275553
US0001011986,22891696,312.63280581469587
US0001011986,22892631,157.8481002236975
US0001011986,22893939,111.44654989845328
US0001011986,22894699,109.94771959271057
US0001011986,22895199,81.43770583839438
US0001011986,22895776,223.26736273435878
US0001011986,22898456,277.01932046699824
US0001011986,22899163,223.41038312117246
US0001011986,22905106,69.05047273862212
US0001001987,22929272,299.0384921054099
US0001011988,22941705,316.2713635134814
US0001011988,22947652,95.81526111581607
US0001011988,22948464,70.81587323172988
US0001011988,22955535,138.44782352100006
US0001001989,22989327,313.5412184398326
US0001011989,22997515,116.14084301772294
US0001011990,23011540,102.13138713287852
US0001011990,23017260,93.55603608400429
US0001011990,23027515,87.06113207824681
US0001011991,23036731,88.49882009734007
US0001011991,23036732,79.48014240601749
US0001011991,23036806,141.32950350323097
US0001011991,23038932,49.924865177466394
US0001011991,23039950,107.18458974937657
US0001011991,23042174,177.32681362762062
US0001011991,23043304,163.94601688807467
US0001011991,23052601,135.6767552185608
US0001011991,23058620,117.23334217886078
US0001011992,23065854,124.56935426918933
US0001011992,23066540,129.76879487130873
US0001011992,23069966,134.34682181207702
US0001011992,23071156,70.28930570954833
US0001011992,23074365,151.60650601152446
US0001011992,23081131,164.98075807071353
US0001011992,23087162,177.64086055129565
US0001011992,23087441,79.52745109232183
US0001001996,23760805,122.93317508327166
US0001011987,23803008,113.72574897484223
US0001011987,23803029,155.09506967735507
US0001011987,23803050,125.49169554450275
US0001011987,23803092,182.28323536526324
US0001011991,23803768,151.73458239155903
US0001011991,23803810,218.52642121171417
US0001011989,23809538,316.1459671644404
US0001011989,23809559,153.16988611612388
US0001011991,23810028,155.96016400552872
US0001011991,23810050,181.51540245080798
US0001011991,23810094,89.85945496034032
US0001011990,23810116,91.82617360116149
US0001011991,23810138,152.4461861601569
US0001011991,23810160,221.4244386673142
US0001011988,23811591,79.47832586641137
US0001011988,23812246,176.59927274959566
US0001011990,23812248,118.56934583229662
US0001011990,23812314,112.67415017731949
US0001011990,23812336,80.9511571578655
US0001011990,23812358,102.5066400408207
US0001011990,23812380,76.91825871002702
US0001011990,23812402,151.1711888078197
US0001011990,23812424,198.40680682674608
US0001011988,23812928,66.29630408136255
US0001011988,23812972,177.34791191061046
US0001011988,23812994,122.71693261162791
US0001011992,23813525,65.53455407997971
US0001011992,23813547,167.76305332674815
US0001011992,23813591,103.51506052553476
US0001011990,23814491,115.52207327518387
US0001011990,23814535,148.99073760868254
US0001011987,23814642,87.37536339650401
US0001011990,23814799,218.3012817558374
US0001011989,23817914,315.98697150513095
US0001011989,23817933,196.15486774603525
US0001011986,23820679,86.10864297108465
US0001011986,23820694,150.93952730412502
US0001011986,23820724,119.5109742223133
US0001011990,23820773,158.21591798416318
US0001011989,23823202,75.81181196670255
US0001002000,23829337,176.61234331495967
US0001002003,23838849,201.65669198226425
US0001002004,23843305,151.7205264947469
US0001011992,24060494,107.12141321428074
US0001001998,24065809,146.31740022868334
US0001001988,24456353,220.72928727220474
US0001002001,24917853,222.97106318087688
US0001011988,24944994,157.6806270765
US0001011992,25134023,84.04200135122771
US0001011990,25154394,203.41231288899525
US0001011986,25233605,105.25337165384734
US0001011989,25261272,96.92865772356285
US0001011992,25298614,61.85965656856014
US0001011992,25298664,69.65287453196477
US0001011992,25298719,60.31263702353764
US0001011988,25412694,215.68539436684986
US0001011989,25533723,315.5842216965119
US0001011990,25629691,140.80537443079047
US0001011990,25629800,171.21338851924494
US0001011990,25660348,174.2601226197668
US0001011987,25708881,157.88949954899942
US0001011990,25861548,83.79265352138168
US0001011988,25950302,101.294830707535
US0001011988,26034576,119.64035359199772
US0001011991,26072547,112.4127301051121
US0001011991,26072596,131.03542842556166
US0001011992,26088155,170.05350491097323
US0001011989,26144799,94.66591628400263
US0001011989,26144850,111.78081465133292
US0001011988,26204718,149.8894186661348
US0001011989,26288608,103.44001748831191
US0001011992,26384053,302.79346421242684
US0001011992,26384107,302.79346421242684
US0001011987,26443843,141.47150403115552
US0001011992,26458378,73.48502417796553
US0001011988,26558996,84.49753543796527
US0001011991,26607050,178.62394706311952
US0001011992,26657885,59.18325783595258
US0001011992,26663935,139.89950502510794
US0001011989,26671809,123.11738428635944
US0001011989,26671862,182.44014424462242
US0001011988,27049005,82.66814687035071
US0001011990,27134350,129.22439410738147
US0001011989,27148645,137.93876793817608
US0001011989,27148696,137.9052106073382
US0001011992,27153601,132.0152814884224
US0001011992,27267531,108.33964674867158
US0001011988,27275592,316.2713635134815
US0001011987,27288172,115.28129763162008
US0001011992,27328257,120.78913986981365
US0001011992,27447866,126.41093677034677
US0001011992,27453243,134.30940373029443
US0001011988,27460555,113.64550198681637
US0001011988,27501425,103.52297023465846
US0001011992,27595383,100.82616923571751
US0001011991,27606820,302.36837515331405
US0001011992,27608644,76.60374002984553
US0001011988,27910918,157.35964887764018
US0001011989,27926149,316.1459671644403
US0001011989,27931364,97.18104962764959
US0001011990,27941813,128.83090735912455
US0001011990,28119249,146.059512575285
US0001011988,28207160,169.73863118360626
US0001011989,28289373,84.85710163651063
US0001011991,28351824,154.91722402804513
US0001011990,28463395,112.35532735073765
US0001011992,28471380,140.36962070937184
US0001011990,28483767,107.69151311207266
US0001011991,28820940,154.97836244547844
US0001011990,28874114,302.34093512763866
US0001011989,28927141,179.1271499266829
US0001011991,28960677,126.87368563644755
US0001011991,28960786,125.52738321220241
US0001011991,29083734,94.73730035562114
US0001011991,29188791,147.82136567605872
US0001011992,29222971,222.0905203259484
US0001011989,29225755,121.68064289564616
US0001011990,29384034,302.34093512763866
US0001011990,29581090,85.74691059909071
US0001011988,29612250,156.70540725298247
US0001011988,29612358,140.27656130221197
US0001011988,29637091,74.56507705014042
US0001011989,29697681,309.6601813919832
US0001011990,29723713,141.30971218806343
US0001011987,29772820,157.65855576370598
US0001011991,29778173,148.52890751298963
US0001011990,29832121,151.15713260268683
US0001011990,29836258,141.1955186146303
US0001011992,29851615,118.44578707699947
US0001011992,29851867,222.93642653054164
US0001011992,29852035,119.67522977865983
US0001011988,30022797,76.73185532646279
US0001011990,30041400,129.22439410738147
US0001011988,30153345,116.37030831435708
US0001011991,30210078,141.51108683919253
US0001011991,30218654,97.77904920555609
US0001011991,30239229,302.36837515331405
US0001011991,30239381,302.36837515331405
US0001011991,30239533,302.36837515331405
US0001011991,30239835,302.36837515331405
US0001011991,30239985,128.584418878235
US0001011988,30275585,126.45503257728868
US0001011989,30367228,180.2719550805509
US0001011987,30369214,315.61291655684045
US0001011986,30515711,90.00217687669807
US0001011989,30742781,113.73080561074656
US0001011991,30750909,302.36837515331405
US0001011991,30750958,302.36837515331405
US0001011991,30751008,302.36837515331405
US0001011986,30760093,218.01919187372147
US0001011988,30775787,109.71898107002838
US0001011992,30792540,110.6099154505173
US0001011992,30875042,150.9127680009713
US0001011992,30875091,87.49364994037627
US0001011991,30949506,216.2433523120082
US0001011991,30953783,155.2862515731952
US0001011990,30984105,216.3343410729308
US0001011988,31016376,181.82914916742328
US0001011991,31282303,68.55195826406751
US0001011989,31329848,122.09895789867697
US0001011992,31331349,182.50780451491875
US0001011989,31336349,137.72967645043315
US0001011988,31419812,119.81169106778802
US0001011992,31450897,177.89871180857807
US0001011992,31450946,92.87796198135088
US0001011989,31566709,151.49298323797655
US0001011988,31593396,136.55101603416682
US0001011988,31593441,136.44633202321702
US0001011990,31617072,158.21591798416316
US0001011992,31633707,223.81813633784228
US0001011992,31640542,179.5395757614944
US0001011990,31688466,118.9309334118033
US0001011989,31917968,302.8133245219903
US0001011987,31941017,140.99199209396517
US0001011987,31941062,140.99199209396517
US0001011988,31969669,156.52978582107676
US0001011988,32046027,113.76323483440946
US0001011990,32059630,93.95625571003502
US0001011992,32198491,116.81425127596394
US0001011990,32292688,57.28891835564498
US0001011992,32316527,125.81111467647865
US0001011990,32484529,103.98192742823342
US0001011992,32566169,138.94137653082936
US0001011988,32633045,92.9293346031499
US0001011988,32693472,111.2231812021012
US0001011988,32693513,223.50102233256104
US0001001994,32857230,122.28106634607126
US0001011988,32921076,157.33661397385035
US0001011991,32944441,102.7900327656635
US0001011992,33063873,80.19573472625723
US0001011988,33065802,119.58823192592286
US0001011989,33116203,94.7431396824759
US0001011991,33138620,157.91057135492147
US0001011986,33200587,222.20097139458548
US0001011988,33205698,316.27136351348173
US0001011988,33346060,223.66844967200223
US0001011992,33509810,97.19767407799587
US0001011989,33529045,128.43015506188226
US0001011992,33534275,117.96338735366263
US0001011992,33590222,154.5029770520518
US0001011988,33632461,119.63816732009258
US0001011990,33643508,139.61740624033345
US0001011989,33812901,316.1459671644403
US0001011986,33819263,182.41806450861628
US0001011988,33825196,101.76983845922479
US0001011991,33897717,129.25167145590058
US0001011989,33911280,122.77852377541306
US0001011992,33913858,110.12186662084586
US0001011991,33926211,116.62389853596288
US0001011988,33936059,148.71730967336845
US0001011992,33992957,223.31282326765952
US0001011992,34072919,119.92177537861309
US0001011989,34077669,108.9787290585497
US0001011992,34092753,141.89479693834272
US0001011992,34095750,302.79346421242684
US0001011992,34095776,302.79346421242684
US0001011992,34099135,103.36099674821963
US0001011992,34099187,95.19111846192138
US0001011988,34110868,100.1220059612843
US0001011991,34201890,80.86275383958771
US0001001991,34208240,105.35219629420371
US0001011992,34228650,119.53490711281884
US0001011992,34269592,97.2438366721285
US0001011992,34300455,141.89479693834272
US0001011992,34328834,152.7484875433469
US0001011991,34377851,158.2381978074053
US0001011987,34378530,83.15566820992125
US0001011992,34386360,203.13270757315442
US0001011992,34398801,77.78772122823005
US0001011990,34411862,128.3773150615088
US0001011990,34453244,129.11441769869788
US0001011990,34513970,140.59255480996399
US0001011990,34527138,157.4681109532041
US0001011987,34540348,157.87572660513618
US0001011986,34575238,157.90631742941704
US0001011992,34602686,203.13270757315442
US0001011992,34631755,158.5374826284734
US0001011991,34642529,151.5115221353044
US0001011991,34642545,152.15604989667168
US0001011992,34662129,147.15704743606685
US0001011992,34690769,223.90652826162423
US0001011988,34701737,223.6684496720022
US0001011987,34799824,171.26120432962952
US0001011992,34829251,158.19605196075165
US0001011989,34841203,152.52128956381517
US0001011987,34843732,140.99199209396517
US0001011987,34843750,140.99199209396517
US0001011987,34843768,103.11177463415859
US0001011992,34870164,181.03692087474664
US0001011990,34892144,116.29636398314284
US0001011990,34892161,116.29636398314284
US0001011989,34904115,87.76225908152644
US0001011992,34905057,222.64166001952694
US0001011987,34909267,137.06537125919783
US0001011987,34924876,141.4458185578944
US0001011992,34927802,128.61832471095528
US0001011991,34934661,119.68727145485992
US0001011992,34971584,157.3678300975516
US0001011987,35013012,157.83836555006263
US0001011991,35027855,128.05679243073766
US0001011991,35027888,182.70133326653473
US0001011992,35060274,71.13786447850462
US0001011987,35076152,85.43187755756917
US0001011992,35085430,90.86368833990731
US0001011992,35085447,157.2819491479503
US0001011992,35085463,128.8677940776727
US0001011992,35085480,157.3381943659875
US0001011992,35087802,313.4773270336829
US0001011989,35088383,110.81666461326951
US0001011992,35173345,302.79346421242684
US0001011988,35185755,96.93197409099291
US0001011988,35198630,105.49543575061472
US0001011989,35200957,157.86551546396788
US0001011991,35215947,97.73882015931092
US0001011991,35215963,117.83892368080704
US0001011989,35268380,220.1321735452114
US0001011987,35275341,126.71877172048573
US0001011987,35341946,127.09183931985993
US0001011987,35341960,302.7246633015548
US0001011987,35343954,84.56563094221617
US0001011992,35366518,81.13527884255156
US0001011992,35383392,78.94549703495319
US0001011992,35383408,85.59614566460357
US0001011992,35407301,69.46063007179184
US0001011992,35407316,75.24903577135372
US0001011992,35429225,148.95440946681154
US0001011992,35458630,112.00179291993344
US0001011992,35472332,169.00830630738557
US0001011992,35496152,90.8915894790447
US0001011991,35504115,158.2381978074052
US0001011992,35516408,153.45473336441634
US0001011988,35528884,155.4466182105837
US0001011992,35536073,129.27952801877214
US0001011992,35536135,182.13978738896196
US0001011991,35578613,94.74661961705026
US0001011988,35585489,128.2125829855965
US0001011987,35642158,181.78692241368557
US0001011992,35644052,135.75527656603037
US0001011988,35665174,123.31500079014003
US0001011988,35665199,100.28156450084082
US0001011988,35665213,99.58029439076333
US0001011988,35665227,120.45904752356586
US0001011988,35665242,113.82610829188685
US0001011992,35668819,139.831118197025
US0001011990,35675193,158.06164090051666
US0001011990,35700062,150.2126360311801
US0001011989,35717631,84.36568804036638
US0001011992,35720434,222.93213186699663
US0001011992,35722018,117.96338735366261
US0001011991,35722322,138.8245889329938
US0001011991,35722337,126.65097926777753
US0001011988,35763767,182.64969214330134
US0001011992,35766462,97.88335658993539
US0001011991,35785686,81.68041957380913
US0001011991,35785699,87.63318087727734
US0001011991,35803571,223.63588510006696
US0001011992,35878818,305.34384941902505
US0001011991,35914480,77.93568963814977
US0001011990,35931570,172.61860427254715
US0001011992,35938360,113.9853553631443
US0001011988,35943654,67.25094951727127
US0001011991,35946640,114.6315592360962
US0001011992,35960489,223.90652826162426
US0001011986,35975595,117.32421155577049
US0001011989,35989770,156.6718210094406
US0001011991,36006867,118.89588432029421
US0001011992,36023654,179.4944480161435
US0001011990,36050153,92.72221387995543
US0001011989,36059942,157.47099286427866
US0001011992,36063692,141.37370267951906
US0001011989,36141967,199.5724130160199
US0001011989,36141979,182.41812657743495
US0001011988,36172718,223.66844967200223
US0001011988,36172732,214.43091931974914
US0001011992,36178375,102.07824620636933
US0001011990,36208514,102.33577922676794
US0001011992,36224361,99.21974688035144
US0001011988,36249679,136.32115783695386
US0001011991,36267746,92.48870856737196
US0001011991,36267771,107.9805474954713
US0001011992,36268300,126.62444032251894
US0001011990,36284525,302.34093512763866
US0001011990,36284538,302.34093512763866
US0001011990,36284551,302.34093512763866
US0001011990,36284562,302.34093512763866
US0001011990,36284574,302.34093512763866
US0001011990,36284599,302.34093512763866
US0001011992,36312056,141.8055757826039
US0001011991,36312066,86.39640549595482
US0001011991,36323632,158.0818031164099
US0001011992,36372001,99.73514582874051
US0001011991,36405373,223.6947188588403
US0001011992,36407590,157.0251169643688
US0001011992,36407604,182.54481943834338
US0001011991,36475400,223.4343879044159
US0001011990,36542303,83.14805962967351
US0001011990,36542305,73.42349070811066
US0001011990,36557211,158.04814407556984
US0001011986,39788985,107.4696578078812
US0001011986,39796061,179.49667483833463
US0001011987,39805882,179.65097045218954
US0001001987,39807351,137.62267151513163
US0001011988,39830587,104.73754518602888
US0001011992,39919756,129.3136651766151
US0001001997,41268021,124.03120262588303
US0001002000,41298578,91.75550696803012
US0001002002,41317504,97.03882381427522
US0001002003,41320697,138.83761575843525
US0001002003,41322738,109.29459031772473
US0001002003,41331087,81.42341217299827
US0001002002,41336987,157.18743593066648
US0001002004,41340887,103.85056507553676
US0001002005,41348446,147.55388816490935
US0001002005,41348449,113.10128691333415
US0001002005,41349431,102.17663489554015
US0001002006,41356596,111.59115507868574
US0001011987,41371720,91.0029916457335
US0001011987,41371725,111.86636432043217
US0001011987,41371851,91.84573165557714
US0001011987,41371973,174.894312562297
US0001011987,41371976,153.31832477571237
US0001011987,41372199,119.47585891225356
US0001011987,41372202,143.95194213503098
US0001011987,41372225,171.2823234027538
US0001011987,41372276,211.79550195132603
US0001011987,41372330,306.66525003890354
US0001001986,41989877,69.95834071180455
US0001002003,42126482,138.19348550799182
US0001001986,42150727,88.43408304087525
US0001001988,42156846,314.1996471348998
US0001001988,42158061,220.72928727220474
US0001001991,42166780,213.5081671536653
US0001001993,42177571,93.34381092351306
US0001001996,42184628,106.90344691522702
US0001001997,42190945,86.09473335995904
US0001001998,42193078,134.30004764732593
US0001001998,42194323,297.6622704545523
US0001002003,42215853,66.70672275780977
US0001001987,42252955,107.66063733537354
US0001011987,42253376,82.83880025777052
US0001011987,42253561,89.81678726743266
US0001011988,42254501,118.18018083850046
US0001011989,42254766,137.35524367858258
US0001001990,42520279,145.85340967358607
US0001001997,42545992,192.37274647510935
US0001011992,43650633,69.162241736739
US0001011992,43650657,219.81070369161355
US0001011991,43653141,133.4142106385277
US0001001996,43708620,209.45042665093862
US0001001996,44966422,210.70751366936963
US0001001997,44968799,210.4279843616578
US0001001998,45011477,149.8315146347843
US0001001998,45016116,187.6836489259927
US0001002001,45084918,114.30221821937624
US0001002003,45201899,107.99988150822576
US0001001987,45443590,216.05699153142524
US0001002000,45591539,153.87505873472924
US0001002001,45603624,125.3346880361581
US0001002001,45616454,187.98284126666013
US0001002001,45625976,103.89785754725543
US0001002002,45646294,121.62716412108286
US0001002002,45652614,84.75051098516137
US0001002002,45656707,82.22031189698878
US0001002002,45660908,155.99537308348766
US0001002002,45668889,122.34780607553597
US0001002002,45673780,84.99445002864452
US0001002002,45674407,315.7655617930133
US0001002002,45678611,123.559239582751
US0001002002,45682838,214.38717948183879
US0001002003,45689372,80.56609136862141
US0001011987,45769898,223.35632733573289
US0001011987,46116298,221.70284791417626
US0001011987,46267424,222.37475981417248
US0001011987,46281425,171.4722194462348
US0001011987,46351652,74.53068832221427
US0001002005,46364027,176.69199188113993
US0001002005,46364115,209.63132302738433
US0001002005,46364218,201.30046208059093
US0001002005,46364635,205.09541759836463
US0001011987,46527225,181.32472470613723
US0001011987,46528037,313.92624535970117
US0001001987,46737814,313.4413621951346
US0001001987,46746062,181.90083453190843
US0001011987,46769231,176.22903680723226
US0001002002,46818686,138.0829976360693
US0001001987,46972582,121.69750899877326
US0001001990,47130442,205.7278760365282
US0001001990,47133394,117.87368764136392
US0001001990,47135896,134.20975933017135
US0001001991,47155028,222.73837038941298
US0001001991,47156120,155.65760875036173
US0001001991,47161992,181.50954875255675
US0001001991,47163707,152.29158930222468
US0001001994,47251731,116.45928343951807
US0001001998,47264594,156.049334046034
US0001001995,47279963,291.19185381865884
US0001001996,47313377,179.1924761819469
US0001001996,47324986,135.05571314897986
US0001001997,47339844,124.3183039071024
US0001001997,47345288,114.82910985275144
US0001001997,47362436,302.53446482812154
US0001001997,47365343,172.6043747831527
US0001001997,47366340,128.26687815394988
US0001001998,47384337,297.6622704545523
US0001001998,47396050,214.90698063103733
US0001001998,47396943,120.40998753950367
US0001001998,47398320,135.90819732388053
US0001001998,47410670,301.55914068301126
US0001011987,47518742,94.0431810525801
US0001011987,47656306,311.3386410929195
US0001001987,47663152,177.6200618922925
US0001011987,47935417,311.3386410929195
US0001011987,47943270,217.0566792739818
US0001002002,47946525,107.78183700824538
US0001011987,47947555,109.77926384916448
US0001001987,47978075,218.7399901453943
US0001011987,48050716,158.14211253344246
US0001011987,48061267,74.09580532372341
US0001002005,48075272,155.00796457666485
US0001001987,48081103,161.87405482936524
US0001002005,48117704,210.69193956104996
US0001001999,48123479,198.6145232641795
US0001001988,48136937,215.04124498443502
US0001011988,48233102,157.9252955241281
US0001001998,48243642,132.26571732221834
US0001002002,48268973,216.99405728877767
US0001001988,48322808,220.72928727220474
US0001001998,48333682,151.9629983656909
US0001002005,48342853,216.49221935250625
US0001001999,48360244,312.7745621541166
US0001002002,48376511,221.10128704679911
US0001001998,48387061,146.31740022868334
US0001011988,48409006,157.90874684878008
US0001011988,48409934,74.65869380755525
US0001011988,48446850,174.35344989332748
US0001001998,48457991,218.5516455425299
US0001002002,48472890,117.14253722083129
US0001002005,48486042,104.41030086943654
US0001001994,48502215,187.9683836431011
US0001011988,48503732,157.4968823729399
US0001011988,48562289,109.94075322465295
US0001011992,48574562,182.17501910673508
US0001002005,48596128,219.95579181075044
US0001011988,48638906,220.71159077888512
US0001011988,48647327,95.15996257012802
US0001001988,48704630,149.28835963377406
US0001002005,48722178,216.49221935250628
US0001002002,48732498,171.60335455224714
US0001002002,48751677,179.22230054614755
US0001002002,48751972,220.8875196516304
US0001011988,48824046,118.74508560302951
US0001011988,48828411,223.66844967200217
US0001011988,48841345,218.88424105549947
US0001002002,48893928,166.7721763063371
US0001001999,48896768,219.22198496104463
US0001001988,48907842,213.3296463892054
US0001002005,48914693,313.32190277329806
US0001001988,48950357,177.29210260266532
US0001002005,49005003,179.21372499836684
US0001001994,49079317,105.32848908404746
US0001001999,49212398,136.34626545211174
US0001011988,49305964,158.20105997962517
US0001001988,49314606,302.7913248285956
US0001011988,49333905,64.42223592892091
US0001002002,49350305,106.15109653989545
US0001002002,49351263,161.97650179817518
US0001002002,49416533,157.344647648998
US0001002002,49454611,291.13669342667856
US0001002005,49531095,173.23787112454065
US0001001994,49568377,150.60918276756013
US0001001994,49616648,146.08880108674893
US0001011989,49626978,181.56118098179618
US0001001999,49688858,210.6348145448224
US0001001989,49727818,205.90217452753197
US0001002006,49882669,134.16343136713277
US0001002003,49900898,228.71423834087446
US0001002003,49964329,127.72894334724272
US0001011989,50101240,101.64895659722536
US0001011990,50193383,316.2787958488071
US0001001989,50302553,96.85626134656329
US0001002006,50323931,155.74086969653726
US0001001999,50330066,314.5421144595866
US0001002003,50444392,132.6269109125672
US0001001999,50445974,174.05461242739062
US0001002003,50496350,127.85076666037045
US0001001999,50543933,221.25883394704533
US0001001999,50574588,153.6933929865903
US0001002006,50780629,216.16620550806243
US0001002003,50811690,307.9531448020748
US0001001999,50854950,174.45418377578855
US0001001999,50913485,81.01115873243944
US0001011989,50926222,153.69149345880786
US0001001999,51011354,146.52103968011568
US0001001995,51011594,314.1037468600439
US0001002003,51023796,146.33403302229135
US0001011990,51065407,316.2787958488072
US0001001999,51069035,121.53144963530575
US0001002003,51073825,175.70708350105522
US0001001995,51120463,105.03759000986354
US0001011990,51220191,223.01083820449372
US0001001990,51221477,219.45362050127076
US0001002000,51253481,180.79720818995276
US0001002004,51343498,315.62696325006726
US0001002000,51374106,315.20516470148857
US0001001990,51383571,265.6697062780302
US0001011990,51488356,302.34093512763866
US0001002006,51612805,131.16201686806343
US0001002000,51780915,113.96994226633967
US0001002000,51784970,215.46883378044944
US0001011990,51859451,86.57576694172981
US0001011990,51903816,65.73783176847158
US0001011990,51907392,303.61354612468097
US0001001990,51967468,219.99850793502208
US0001001990,52002654,50.528784579887905
US0001011990,52016220,182.52909447003984
US0001001996,52116981,161.94304296472083
US0001001996,52128379,190.0006639406996
US0001002000,52133864,301.6948076789634
US0001002003,52178404,219.4348483756886
US0001002003,52188836,181.68299548197567
US0001001990,52232679,216.6064359721285
US0001002003,52237117,177.68515001539953
US0001002000,52238512,301.6948076789634
US0001002000,52258946,208.81385716455208
US0001001996,52335515,217.1200996829944
US0001011990,52356448,316.14274887867066
US0001011990,52376624,223.53274347771656
US0001002003,52383654,209.22236081807785
US0001001991,52448156,92.147462753374
US0001011991,52553833,212.1025009920021
US0001011991,52553838,154.80624061624627
US0001001996,52590361,121.89395664437761
US0001011991,52609401,181.90824979839996
US0001001996,52649427,109.8533154764321
US0001002007,52663587,208.63539080446796
US0001011991,52669977,316.2899417391194
US0001001991,52687359,85.25186860904755
US0001001991,52693055,80.94130798069713
US0001011991,52745879,95.54465662714824
US0001002007,52771734,200.31117585337455
US0001002000,52797749,222.15826758077785
US0001002001,52855269,311.7194785127191
US0001011991,52926449,131.98980179092547
US0001002000,52935194,221.42081067921615
US0001001996,52980815,291.18548728336145
US0001001991,53011636,121.95484048139508
US0001002003,53122902,146.2723580252424
US0001002001,53179045,204.347090157121
US0001002000,53187637,314.97926641855366
US0001011991,53197407,316.01082401458495
US0001011991,53219932,90.13606001505867
US0001011991,53235066,302.36837515331405
US0001011991,53246988,168.74691170559709
US0001002004,53258257,155.99287071346748
US0001001991,53283061,180.90909403442632
US0001011991,53317388,141.25671504920234
US0001002004,53496111,104.51299141889578
US0001011991,53507428,110.42978070255495
US0001011991,53508965,302.36837515331405
US0001011991,53509379,101.95193695768342
US0001011991,53513116,141.42991425047134
US0001001997,53580044,122.51580224040119
US0001002004,53595119,142.078861806273
US0001002007,53598512,307.8412759909648
US0001011991,53599257,121.65716415249327
US0001011986,53621021,222.91968281805643
US0001011986,53627292,113.05359469896683
US0001011986,53644209,126.54737036656792
US0001011992,53656648,219.81070369161355
US0001002004,53657580,139.5567471862191
US0001001986,53659626,120.23294374358684
US0001011992,53667344,315.94880946639523
US0001002004,53718790,181.53158010298802
US0001011986,53734676,180.63586326310778
US0001011986,53739163,315.0557664412732
US0001011992,53755722,217.27954389047522
US0001002004,53779010,127.83879051217896
US0001011992,53824802,94.18729221527475
US0001011992,53829620,316.43977847004845
US0001002004,53883749,97.51467209409527
US0001002004,53899424,105.17805875251211
US0001011986,53901388,223.14908078118097
US0001001997,53926188,86.41403970441594
US0001002004,53934121,138.36474964487468
US0001002004,53941338,162.26329340275035
US0001002004,53941544,131.11484535955108
US0001002004,53957883,94.50332977891351
US0001002004,53964483,126.2069187729939
US0001011992,53986507,315.3561402834134
US0001011992,53988629,118.33109314189167
US0001001992,53994049,177.3113986947366
US0001011986,54020339,222.91968281805632
US0001011986,54036587,316.01951412454065
US0001011986,54049121,88.55996195727882
US0001002001,54057009,121.24695296266756
US0001001997,54115411,121.79904316515758
US0001011986,54120982,85.39717339622979
US0001011986,54124978,124.87845071799896
US0001001997,54127893,123.4928300361054
US0001011992,54130315,141.79191200663303
US0001002001,54145825,210.4602760013048
US0001002001,54146413,210.4602760013048
US0001011986,54174555,182.15340341350202
US0001011986,54208480,156.71285048584616
US0001011992,54233197,309.25142922461333
US0001002001,54245700,222.97106318087688
US0001011992,54251763,156.24032715967257
US0001001986,54252162,309.08708566769195
US0001001986,54261574,150.33679469536742
US0001011986,54265389,216.02602485234848
US0001001986,54283731,167.0246363668473
US0001002001,54286129,166.16504245711116
US0001011992,54298044,202.77624312169854
US0001002001,54303722,121.46028188085793
US0001002001,54304342,121.24695296266756
US0001001992,54355361,173.0887656509062
US0001011992,54398190,96.98508941499286
US0001001992,54409637,148.51663220738058
US0001011992,54438173,109.87121113177574
US0001002004,54490575,175.977879440352
US0001002004,54490712,217.60254667737485
US0001002004,54493338,110.84276096802856
US0001002004,54500271,214.46760905374146
US0001002004,54508455,222.25836826909278
US0001002004,54509778,128.32810040435672
US0001002004,54510124,233.20171719971415
US0001002004,54525890,176.168529376835
US0001002005,54540373,217.0195074605753
US0001002005,54551288,220.41497545450744
US0001002006,54591784,217.69751336998036
US0001002006,54596962,154.50596271119315
US0001002006,54604443,306.48578415516585
US0001002006,54627534,95.38418738930838
US0001002007,54639612,178.30248437435668
US0001002007,54643546,310.95369134676554
US0001002007,54648884,178.41988665126405
US0001002007,54651341,219.15422507666705
US0001002007,54663249,314.16571971336225
US0001001991,54853271,302.8390017919764
US0001001994,54869144,117.55976314750842
US0001001995,54875367,97.01020032531385
US0001001998,54892834,121.73502266840025
US0001002001,54910040,82.21626949172662
US0001002002,54910430,182.08710660060441
US0001002002,54914653,126.47758795994231
US0001002007,55302043,218.95773253553935
US0001002007,55345554,128.62085261817003
US0001002007,55469720,305.4580142328606
US0001002008,55507585,218.26195199256605
US0001002007,55508125,307.8412759909648
US0001002008,55517998,150.98101322996882
US0001002008,55517999,201.10434980796265
US0001002007,55522666,309.6407026657792
US0001002007,55585650,314.1657197133622
US0001002007,55701216,209.34772383816426
US0001002007,55728776,206.42417321434257
US0001002002,55760017,179.4031818231111
US0001002008,56453369,133.60903865450462
US0001002007,56453769,178.73250890036866
US0001002007,56468796,174.42348439823735
US0001002005,56477544,204.5099104245385
US0001002008,56499492,155.06301987593872
US0001002007,56569055,126.15121517116093
US0001002007,56571945,135.84538024667734
US0001002008,56695675,125.24086951978728
US0001002009,57150861,297.80840209026695
US0001002004,57257566,131.11773883302283
US0001002005,57332288,126.75652791362121
US0001002007,57484918,173.44011537531574
US0001002008,57512125,217.84806519522397
US0001002008,57810998,121.8531521726212
US0001002007,57829933,121.66883882607861
US0001002008,57846544,179.4536361855714
US0001002005,57857970,136.39470133997298
US0001002008,57867859,152.84835624054995
US0001002007,57915026,298.9845499615942
US0001002005,58024538,94.23295598115838
US0001002008,58077079,180.83276913106994
US0001002008,266637518,120.716978505638
US0001002008,266637520,120.716978505638
US0001002007,266712429,314.1657197133623
US0001002007,266791919,122.13171355063321
US0001002009,266853669,115.51139111157839
US0001002009,266853909,148.7955847890054
US0001002008,267003564,132.1814380607229
US0001002009,267336175,313.9236926122261
US0001002009,267395998,215.1069774991775
US0001002007,267415616,143.68451501675224
US0001002008,267855278,141.16345204526093
US0001002009,267924838,205.01823052959585
US0001002008,273065944,314.5038289386687
US0001002008,273639281,166.4485407213668
US0001002008,273639288,166.4485407213668
US0001002008,273656175,199.3210367012141
US0001002007,273709583,194.65244462222796
US0001002008,273844796,222.17124755694857
US0001002008,274060877,222.17124755694857
US0001002009,274267256,120.91978916708585
US0001002008,274395699,115.6346637339672
US0001002008,274711607,301.3134383352156
US0001002008,274939650,286.25730636704276
US0001002008,298706650,174.13540528986297
US0001002009,315433736,206.28796960182302
US0001002008,315434384,178.89260729534377
US0001002008,315434417,180.4037370734253
US0001002010,315463179,123.08200141976928
US0001002008,315663890,130.0436810770908
US0001002009,315852033,177.80854715286026
US0001002009,317611845,197.78495595208858
US0001002004,318019322,111.32379982592722
US0001002008,318285982,128.50879219240252
US0001002008,318812791,122.13485264983652
US0001002005,319030462,171.46104834706196
US0001002010,319376411,297.5754397738021
US0001002004,320410837,291.1558603259936
US0001002010,320411897,112.7444952022901
US0001002001,321218959,315.7785537619846
US0001002002,321219402,152.8348132802344
US0001002008,322443926,222.0596462939846
US0001002010,322520970,167.3304480777354
US0001002010,322521634,167.3304480777354
US0001002010,323462852,247.8962876756455
US0001002004,323783390,299.8239837057286
US0001002004,323784545,210.54271382700554
US0001002009,328377700,142.04075056135127
US0001002009,328471998,309.9460434382025
US0001002010,328594727,128.10753072721076
US0001002008,328720420,169.9449709538866
US0001002010,328721677,209.15893382783878
US0001002010,328949138,309.97015221847937
US0001002009,329268474,291.2230111543303
US0001002009,329340169,218.43900949276883
US0001002008,329873046,171.69211548385493
US0001002004,330265127,177.84585086981212
US0001002009,330382957,86.74825355449865
US0001002007,330763221,129.29940882680953
US0001002004,331433557,297.6712050284397
US0001002009,332284908,199.95657085234237
US0001002011,332330500,312.12032018138456
US0001002008,332386802,126.90286962725071
US0001002010,333000931,313.6578302887103
US0001002010,333001042,218.481244630374
US0001002004,333070965,89.20827965290583
US0001002009,333477185,109.40503874847353
US0001002010,333591157,141.66270929007663
US0001002010,333805487,208.45978486393918
US0001002009,333893789,149.2008182574127
US0001002011,334312484,297.11211968885004
US0001002011,334971462,217.7592575991435
US0001002011,335272440,175.3632211968894
US0001002009,335571544,102.08803121088829
US0001002006,337002796,310.4397265440716
US0001002009,337211584,220.33629928655756
US0001002010,337212528,220.48852049365806
US0001002011,337604307,174.27871464642635
US0001002009,338435172,217.27274320356105
US0001002009,338938549,218.92528682050113
US0001002011,338947580,126.5283880745908
US0001002011,339335049,213.05683604819495
US0001002011,339347040,192.72012290191182
US0001002010,340482283,218.49552840754123
US0001002010,341248580,167.12991344922332
US0001002010,341248588,140.8890783549983
US0001002011,341720766,298.7643388215966
US0001001999,341742117,166.7660194670374
US0001002003,351960015,94.51178860177615
US0001002010,352892560,104.69303368152738
US0001002010,352938646,137.71962909480914
US0001002011,364317493,210.79449509171053
US0001002012,364830232,58.55195660539329
US0001002012,365035339,171.78484291196432
US0001002012,365388626,215.41780257115764
US0001002010,365711348,181.07296638333148
US0001002011,365870918,194.33740447637564
US0001002011,365870919,134.9560783684041
US0001002010,375802829,99.52616615765129
US0001002010,375802830,133.77533202328874
US0001002012,378579409,170.76596908892373
US0001002011,381356522,165.93835419467365
US0001002012,404962837,126.10967172788027
US0001002011,406116971,133.64503218323983
US0001002012,406138578,128.6714253078629
US0001002009,406884671,153.08835584079873
US0001002013,408509260,233.31656678318365
US0001002013,408850711,110.0521741773298
US0001002013,410259342,291.1517373391229
US0001002012,410828897,120.30189465966305
US0001002011,413333340,149.73007136220195
US0001002008,418555102,214.1392267665148
US0001002013,420587795,87.59937474641296
US0001002007,421165076,129.21371352511397
US0001002008,421601398,119.47473657215914
US0001002008,422615113,315.21431319185206
US0001002004,425711804,178.3020908037482
US0001002005,425777966,125.20002679913524
US0001002015,440927234,2.858659684042526e-07
